timestamp,open,high,low,close,volume,taker_buy_base
1754006400000,115697.3,116000.0,114239.0,115595.7,42604.847,20145.998
1754020800000,115595.6,115873.4,114579.5,115015.1,21214.534,10066.861
1754035200000,115015.1,115291.1,114055.6,115246.6,26589.382,13404.191
1754049600000,115246.5,115956.0,113871.1,115305.3,54800.767,27106.158
1754064000000,115305.3,115656.8,113173.7,113278.5,46088.416,21000.588
1754078400000,113278.4,114039.0,112660.0,113244.8,29984.153,14693.03
1754092800000,113244.8,113873.7,113145.0,113859.9,11027.075,5768.848
1754107200000,113860.0,114000.0,113415.8,113919.9,11938.326,5246.152
1754121600000,113920.0,113988.0,113370.0,113732.5,10218.835,4580.703
1754136000000,113732.6,113740.5,112769.2,112798.6,18494.393,7646.858
1754150400000,112798.6,113388.9,111910.0,112175.5,36337.074,16468.283
1754164800000,112175.5,113022.5,112007.9,112508.8,14443.745,7458.38
1754179200000,112508.8,113694.0,111850.0,113550.9,17961.77,9072.63
1754193600000,113550.9,113676.4,113285.7,113647.2,6301.771,3015.389
1754208000000,113647.2,114200.0,113492.5,113810.1,11023.459,5884.773
1754222400000,113810.0,114049.8,113529.6,113904.3,10900.396,5057.414
1754236800000,113904.3,114730.0,113727.8,114259.0,10570.464,5129.38
1754251200000,114259.1,114567.3,114011.3,114150.8,6426.009,2937.51
1754265600000,114150.9,114963.4,114053.8,114520.2,12295.237,5969.819
1754280000000,114520.3,114739.3,114089.0,114607.0,9279.797,4240.302
1754294400000,114607.0,114715.0,114166.0,114450.0,7637.669,3539.276
1754308800000,114450.1,115431.6,114070.0,114766.3,27575.335,13276.087
1754323200000,114766.4,115686.0,114681.1,114724.0,17022.068,8605.818
1754337600000,114724.0,115299.0,114580.4,115002.1,9518.485,4801.134
1754352000000,115002.1,115073.3,114213.6,114215.0,10318.429,4953.591
1754366400000,114214.9,114468.1,113650.0,113924.7,16889.881,7445.188
1754380800000,113924.7,115057.0,113869.5,114782.0,15542.383,8458.894
1754395200000,114782.1,114860.1,112582.4,112871.8,48789.021,22554.355
1754409600000,112871.7,113731.7,112755.1,113573.1,16283.201,7784.519
1754424000000,113573.8,114178.4,113240.1,114069.6,11493.513,5434.661
1754438400000,114069.6,114091.3,113355.5,113470.1,9186.999,4043.657
1754452800000,113470.2,114390.2,113304.5,114179.2,14343.657,7432.395
1754467200000,114179.2,114372.7,113663.3,114188.0,11807.499,5552.69
1754481600000,114187.9,115488.0,113520.0,115366.3,37775.792,19895.801
1754496000000,115366.2,115674.2,114867.0,115215.1,18625.447,8547.737
1754510400000,115215.0,115228.5,114732.8,114941.0,6859.276,3037.487
1754524800000,114941.0,115144.0,114333.6,114500.8,10847.644,5448.987
1754539200000,114500.9,114834.4,114211.4,114751.1,10679.936,6025.183
1754553600000,114751.2,116782.6,114750.0,116469.1,40981.265,22628.5
1754568000000,116469.1,116747.6,115950.1,116634.6,24976.017,11580.796
1754582400000,116634.6,117487.2,115555.2,117407.6,31486.178,16876.273
1754596800000,117407.5,117580.0,116942.2,117419.9,15438.015,7761.078
1754611200000,117419.9,117591.8,116639.9,116692.2,17323.039,8002.285
1754625600000,116692.2,116917.1,116342.0,116772.0,10920.557,5287.938
1754640000000,116772.0,116880.0,116256.0,116840.5,10056.008,4899.514
1754654400000,116840.6,117229.9,115850.0,116162.0,25731.574,12319.989
1754668800000,116162.1,116863.9,115949.9,116384.4,18032.069,9217.002
1754683200000,116384.4,116941.5,116250.0,116628.2,7765.364,4125.774
1754697600000,116628.2,116703.6,116304.0,116331.5,5712.949,2775.842
1754712000000,116331.6,116950.1,116309.0,116703.2,14934.749,7562.49
1754726400000,116703.3,117906.7,116700.0,117064.9,25544.616,13427.766
1754740800000,117065.0,117200.0,116600.0,116835.6,13944.013,7285.961
1754755200000,116835.5,116900.9,116458.1,116499.9,7593.202,3616.573
1754769600000,116499.9,117000.0,116350.0,116422.1,10195.005,5476.956
1754784000000,116422.1,118500.0,116413.2,118480.1,34945.874,19714.822
1754798400000,118480.0,118738.0,117342.0,117770.0,29066.653,13350.404
1754812800000,117770.0,118489.9,117568.9,118295.9,16040.238,7450.555
1754827200000,118295.9,119094.0,118192.6,118766.0,22868.048,11936.692
1754841600000,118766.0,118917.4,118395.8,118624.5,7283.134,3649.124
1754856000000,118624.6,119291.9,118010.0,119255.3,20127.832,9738.355
1754870400000,119255.3,122165.4,118950.0,121700.1,59538.202,32233.366
1754884800000,121700.1,122450.0,121432.3,121534.8,27806.843,14833.414
1754899200000,121534.9,121820.7,120267.3,120545.0,28876.249,13978.454
1754913600000,120545.0,120655.0,119345.0,120271.2,48113.091,23571.001
1754928000000,120271.2,120799.0,118499.0,119035.3,32996.458,14284.976
1754942400000,119035.2,119149.6,118050.0,118641.9,19757.411,9571.437
1754956800000,118641.8,119246.4,118551.7,118813.1,13300.142,6902.303
1754971200000,118813.2,119120.0,118377.2,118931.9,14300.013,6421.957
1754985600000,118931.9,119011.9,118154.3,118464.1,13998.651,6413.742
1755000000000,118464.2,119927.9,118234.8,119888.0,45134.657,23509.267
1755014400000,119888.0,120163.6,119124.5,119600.3,22828.66,10925.741
1755028800000,119600.3,120270.0,119430.0,120081.0,16146.432,8610.525
1755043200000,120080.9,120146.6,119028.0,119436.0,16859.449,7754.997
1755057600000,119436.0,119798.6,118829.0,119540.3,16032.891,7559.844
1755072000000,119540.3,120710.4,119408.8,120538.5,23680.705,12208.065
1755086400000,120538.4,122218.3,120066.1,120897.2,65444.155,31989.743
1755100800000,120897.3,122831.1,120897.3,122719.9,32963.963,17223.638
1755115200000,122720.0,123715.9,122314.1,123323.9,33092.71,16565.287
1755129600000,123323.9,124545.6,123272.1,123405.2,29585.605,14359.545
1755144000000,123405.1,123485.3,121318.5,121742.4,41732.33,18629.434
1755158400000,121742.3,122050.0,120657.6,120947.9,25372.784,11757.693
1755172800000,120947.8,121154.7,117410.0,118185.9,112404.602,52786.417
1755187200000,118185.9,118500.0,117004.0,117889.5,32884.838,15973.313
1755201600000,117889.4,118470.1,117255.0,118242.2,17821.411,8031.925
1755216000000,118242.2,119039.9,117970.7,118918.1,14657.063,7495.67
1755230400000,118918.1,119184.0,118569.7,118908.3,13276.33,7013.404
1755244800000,118908.4,119114.9,118550.0,118950.0,8916.305,4174.504
1755259200000,118950.1,119068.8,116750.0,117216.8,48081.547,22097.419
1755273600000,117216.8,117859.4,116736.3,116900.0,24658.013,12694.865
1755288000000,116900.0,117711.0,116820.5,117279.2,10953.099,5805.488
1755302400000,117279.1,117853.5,117162.6,117385.0,10472.387,4690.119
1755316800000,117385.0,117857.1,117226.8,117549.9,8878.588,5089.244
1755331200000,117550.0,117664.9,117089.7,117340.4,8197.037,4058.277
1755345600000,117340.5,117786.0,117268.5,117626.9,7789.925,4020.648
1755360000000,117627.0,117774.5,117588.7,117622.3,4894.852,1851.114
1755374400000,117622.3,117673.9,117137.4,117329.7,6441.631,2654.485
1755388800000,117329.8,117722.5,117121.6,117627.4,5731.934,2952.385
1755403200000,117627.3,118187.0,117627.3,117949.9,9439.515,5097.036
1755417600000,117950.0,118435.0,117865.0,118253.9,9265.939,4601.406
1755432000000,118254.0,118558.0,118010.0,118191.0,7883.199,3692.38
1755446400000,118191.0,118267.9,117245.0,117527.0,15033.475,6225.537
1755460800000,117527.0,117945.0,117322.2,117353.8,7032.742,3500.021
1755475200000,117353.9,117499.4,114950.3,115264.9,46974.544,19536.579
1755489600000,115264.8,115684.5,114815.2,115153.2,22828.276,10951.368
1755504000000,115153.2,115342.5,114605.0,114900.0,17981.665,8592.905
1755518400000,114900.1,116137.8,114769.2,116099.4,28586.539,15240.836
1755532800000,116099.4,116761.0,115773.3,116273.4,19769.43,9645.041
1755547200000,116273.4,116938.7,115929.9,116183.6,11079.325,5122.257
1755561600000,116183.6,116687.7,114734.8,114756.6,21808.316,9456.341
1755576000000,114756.7,115430.0,114303.8,114928.7,19906.291,10022.174
1755590400000,114928.7,115608.5,114750.0,115461.0,11178.156,5962.082
1755604800000,115461.0,115847.4,113506.0,113730.0,44225.425,21230.599
1755619200000,113730.1,113844.0,112714.4,113078.3,29407.714,14264.056
1755633600000,113078.2,113524.5,112666.6,112824.2,14498.385,7062.522
1755648000000,112824.1,113599.4,112500.0,113465.4,21619.508,11299.946
1755662400000,113465.4,113805.5,113360.9,113436.7,9143.536,4342.827
1755676800000,113436.7,113978.0,113009.5,113627.5,15623.162,7926.921
1755691200000,113627.4,114279.3,112301.8,113297.0,45124.338,21455.01
1755705600000,113296.9,114411.0,113200.0,114216.3,27678.02,13789.553
1755720000000,114216.3,114569.0,113941.9,114220.5,11333.806,6065.536
1755734400000,114220.5,114777.0,113843.7,113912.1,13829.073,7096.415
1755748800000,113912.0,113997.1,113520.0,113836.8,9921.262,4907.957
1755763200000,113836.8,113947.4,112924.6,113100.2,12824.8,6020.395
1755777600000,113100.0,113936.0,112545.4,112748.9,27324.857,12698.741
1755792000000,112748.8,112940.6,111944.0,112152.8,21010.133,10447.81
1755806400000,112152.8,112833.3,112010.0,112462.2,11496.231,5833.545
1755820800000,112462.2,113485.9,112273.2,112889.9,15818.142,8139.328
1755835200000,112890.0,113350.2,112655.5,113040.1,12847.566,6316.715
1755849600000,113040.0,113273.9,112130.3,112272.8,13076.59,6416.164
1755864000000,112272.9,117266.9,111625.9,116319.3,110185.22,54612.378
1755878400000,116319.4,117397.4,116046.5,116625.5,35551.395,17683.204
1755892800000,116625.4,117140.6,116510.0,116897.5,11969.064,6475.107
1755907200000,116897.5,116988.0,115414.3,115522.5,21833.348,9580.277
1755921600000,115522.6,116015.3,115504.6,115769.9,10604.533,5523.162
1755936000000,115770.0,115840.4,115180.0,115266.7,9759.963,4252.887
1755950400000,115266.8,115450.0,114510.0,114776.5,22697.545,11310.833
1755964800000,114776.4,115166.5,114648.7,115104.9,7958.313,4449.977
1755979200000,115104.9,115380.0,114957.7,115377.1,5565.713,2746.851
1755993600000,115377.1,115640.0,114902.0,115006.5,11855.839,5913.601
1756008000000,115006.5,115264.4,114814.2,114854.8,8290.719,4146.975
1756022400000,114854.9,115033.4,114574.1,114702.0,10131.968,4928.103
1756036800000,114701.9,114845.0,114324.9,114372.6,14203.317,6585.829
1756051200000,114372.7,114914.8,110484.0,112556.4,58915.204,26248.131
1756065600000,112556.4,113646.5,111555.0,113446.3,29990.955,14867.222
1756080000000,113446.2,113621.3,112100.2,112867.7,22365.177,10681.855
1756094400000,112867.8,113022.9,111245.9,111469.7,26547.559,12583.736
1756108800000,111469.7,111789.9,110891.0,111183.7,27037.38,13032.667
1756123200000,111183.7,112533.2,110532.2,112142.2,41669.829,20003.133
1756137600000,112142.2,112897.7,110601.7,110650.4,30479.325,13533.957
1756152000000,110650.4,111050.0,109219.8,110064.0,56740.515,27391.976
1756166400000,110064.1,110064.1,108559.7,109825.0,32739.345,15672.613
1756180800000,109825.1,110508.5,109711.0,110244.2,14571.872,7520.425
1756195200000,110244.2,110405.6,109529.5,109842.2,13433.107,6537.797
1756209600000,109842.2,110817.5,109350.0,109624.6,40914.503,20454.65
1756224000000,109624.6,111106.5,109400.0,111053.5,21525.613,10457.751
1756238400000,111053.5,112330.0,110855.0,111709.9,21856.998,10768.949
1756252800000,111710.0,111765.6,110867.1,111373.7,15375.235,7336.949
1756267200000,111373.8,111700.4,110586.5,110688.0,11788.597,5431.524
1756281600000,110688.0,111328.9,110306.9,111270.8,12812.348,6849.105
1756296000000,111270.7,112568.5,110958.2,111965.1,29562.927,15183.848
1756310400000,111965.0,112550.0,111489.8,112032.8,18174.547,9208.307
1756324800000,112032.9,112401.5,110854.4,111194.9,26491.468,12999.953
1756339200000,111194.9,111993.0,110811.0,111954.1,11667.908,5701.327
1756353600000,111954.0,113318.2,111892.4,113079.2,23087.347,12034.923
1756368000000,113079.3,113301.6,112780.3,112876.5,10509.946,4713.149
1756382400000,112876.5,113429.0,112344.4,112633.1,26239.509,12932.447
1756396800000,112633.1,113153.1,111853.6,111864.7,17144.949,7662.918
1756411200000,111864.8,112519.1,111829.4,112507.3,8980.618,5198.713
1756425600000,112507.3,112585.7,111238.5,111648.6,17249.864,7345.109
1756440000000,111648.6,111797.2,109850.0,109969.0,25126.998,11868.523
1756454400000,109969.0,110254.9,109360.0,110047.8,23367.603,11911.125
1756468800000,110047.8,111489.5,108034.1,108334.4,70997.82,34315.396
1756483200000,108334.4,108777.0,107869.6,108155.5,21364.211,10119.471
1756497600000,108155.5,108513.0,107411.4,108332.4,21618.676,10046.514
1756512000000,108332.4,108378.0,107281.0,108367.9,16398.309,8249.351
1756526400000,108368.0,108615.3,108067.5,108466.6,11466.765,5957.203
1756540800000,108466.6,108742.9,108359.6,108638.6,9160.751,4528.249
1756555200000,108638.6,108879.6,108155.0,108809.8,13394.47,6406.905
1756569600000,108809.8,108851.0,108562.0,108769.4,5467.675,2258.602
1756584000000,108769.5,108776.1,108412.2,108757.9,4768.913,2182.109
1756598400000,108758.0,109439.9,108750.0,109175.4,13765.096,7510.117
1756612800000,109175.5,109190.4,108455.0,108656.9,9506.115,4578.491
1756627200000,108656.9,109067.2,108251.3,108350.0,12792.96,6646.772
1756641600000,108350.0,108808.5,108153.8,108758.2,10880.915,6175.967
1756656000000,108758.2,109196.5,108504.7,108877.2,10481.101,5009.362
1756670400000,108877.3,109192.3,108021.0,108208.4,12723.359,5929.211
1756684800000,108208.4,108447.6,107355.0,107619.1,25068.79,12647.738
1756699200000,107619.1,109390.3,107211.5,109390.3,26104.798,13933.928
1756713600000,109390.2,109874.8,108131.6,108721.9,33039.009,15329.792
1756728000000,108721.8,109479.2,108515.8,108738.0,21788.115,10186.134
1756742400000,108737.9,109298.6,108350.0,109178.7,12872.734,6460.767
1756756800000,109178.7,109410.5,107400.0,109187.9,31407.18,15998.729
1756771200000,109187.9,110597.9,108834.9,110286.0,28302.513,15142.273
1756785600000,110286.0,110571.9,109932.4,110190.1,13927.36,6283.284
1756800000000,110190.1,110700.0,109501.7,109698.6,18830.291,8633.367
1756814400000,109698.6,111742.1,108333.0,110789.9,79576.083,39381.604
1756828800000,110789.9,111076.8,110118.5,110742.9,20760.952,9969.04
1756843200000,110742.9,111487.9,110650.8,111188.0,14564.157,7339.27
1756857600000,111187.9,111732.9,110842.7,110991.7,14679.713,6876.067
1756872000000,110991.8,111117.5,110486.9,111041.5,11117.044,5551.338
1756886400000,111041.4,111670.0,110843.0,111391.6,11890.428,6055.988
1756900800000,111391.6,112470.5,110966.8,112168.6,42967.906,21573.675
1756915200000,112168.5,112541.2,111626.0,112139.9,17438.926,8641.447
1756929600000,112140.0,112207.1,111550.9,111659.8,7410.404,3164.271
1756944000000,111659.7,112136.8,111081.1,111107.1,14897.088,7033.867
1756958400000,111107.1,111283.7,110237.2,110417.3,20718.869,9754.669
1756972800000,110417.3,111111.0,110366.0,110763.9,14846.823,8219.852
1756987200000,110763.8,111081.6,109269.1,109448.0,33312.199,15828.817
1757001600000,109448.0,110150.0,109315.0,109753.9,17804.968,9600.383
1757016000000,109753.9,111743.8,109702.8,110679.4,20720.422,11962.125
1757030400000,110679.5,111444.1,110394.2,111266.9,14819.651,7338.631
1757044800000,111267.0,112949.0,111086.2,112900.1,28206.507,15740.056
1757059200000,112900.0,112947.6,112080.0,112299.6,22210.272,10295.572
1757073600000,112299.6,113344.3,110240.0,110674.1,88696.603,43848.205
1757088000000,110674.1,111598.2,110153.3,111550.1,19053.407,9455.772
1757102400000,111550.0,111655.5,110307.6,110614.9,20388.964,8841.883
1757116800000,110614.8,111256.2,110504.9,111034.0,7401.22,4045.577
1757131200000,111034.0,111034.0,110653.1,110779.9,5151.787,2352.975
1757145600000,110779.9,110928.5,110621.0,110732.9,5048.529,2249.881
1757160000000,110732.8,110956.5,110285.2,110324.1,9309.436,3677.794
1757174400000,110324.2,110359.1,109850.0,109986.7,14613.108,6660.862
1757188800000,109986.8,110225.9,109981.2,110135.3,4758.436,2548.656
1757203200000,110135.2,110700.0,110120.5,110579.8,8486.949,4595.303
1757217600000,110579.8,110880.8,110414.4,110710.8,7174.867,3948.662
1757232000000,110710.8,111348.0,110666.4,111249.5,14763.41,8108.125
1757246400000,111249.5,111371.4,110998.8,111276.2,7509.152,3587.708
1757260800000,111276.2,111327.2,110817.5,111217.0,7640.787,3495.573
1757275200000,111216.9,111559.5,110947.6,111076.0,8265.419,4373.263
1757289600000,111075.5,111345.0,110566.5,111004.9,14141.826,7112.108
1757304000000,111004.8,111580.7,110852.1,111236.4,9409.023,4842.835
1757318400000,111236.5,112144.0,111201.0,112022.0,24016.679,12633.065
1757332800000,112022.0,112867.6,111800.0,112573.6,28275.809,13294.222
1757347200000,112573.6,112635.0,111927.0,112051.0,14865.987,7463.117
1757361600000,112050.0,112460.4,111847.0,112012.6,8408.535,4267.972
1757376000000,112012.7,112055.7,111050.0,111657.6,19290.25,9491.097
1757390400000,111657.7,113238.0,111576.7,112950.1,31921.636,17000.028
1757404800000,112950.2,113134.3,112350.0,112397.4,12841.685,5762.751
1757419200000,112397.5,112900.0,110714.9,110830.1,49386.303,23203.642
1757433600000,110830.1,111342.0,110738.6,111242.3,14928.609,8155.473
1757448000000,111242.4,111692.3,111041.1,111499.9,8906.65,4395.535
1757462400000,111499.9,111545.0,110855.8,111498.9,17185.891,7142.625
1757476800000,111498.9,112555.0,111316.8,112500.1,16775.302,9115.058
1757491200000,112500.0,112832.0,112060.0,112266.4,19366.674,9179.152
1757505600000,112266.5,114287.9,112266.4,113801.3,64026.7,33390.818
1757520000000,113801.3,114046.8,113111.0,113525.2,21631.484,10234.777
1757534400000,113525.3,114005.0,113468.4,113896.8,12915.488,7191.89
1757548800000,113896.8,114433.2,113614.5,114354.4,11183.876,6000.523
1757563200000,114354.4,114419.9,113900.0,114040.0,11621.63,4796.879
1757577600000,114040.1,114161.0,113722.2,113960.9,11061.871,5144.797
1757592000000,113961.0,114691.7,113340.7,114122.3,50084.085,24569.737
1757606400000,114122.4,114564.0,114008.5,114370.5,11930.936,6059.304
1757620800000,114370.4,115439.0,114195.0,115427.0,17183.68,9986.307
1757635200000,115427.0,116280.0,114993.0,115138.3,31719.513,15931.98
1757649600000,115138.3,115613.0,115024.3,115049.0,12398.784,6206.548
1757664000000,115048.9,115243.5,114833.8,114863.0,13385.479,7347.988
1757678400000,114863.0,115445.9,114681.5,115064.9,18827.404,9986.83
1757692800000,115064.8,116605.7,114989.9,116561.1,27949.158,14581.082
1757707200000,116561.0,116561.0,115701.4,115978.4,14733.38,6294.937
1757721600000,115978.4,116245.4,115500.1,115913.6,10867.694,5048.813
1757736000000,115913.6,115913.6,115594.9,115715.5,6578.872,3176.064
1757750400000,115715.5,116126.0,115715.5,115912.9,6897.627,3571.481
1757764800000,115913.0,116013.7,115546.1,115721.3,9103.39,4415.325
1757779200000,115721.4,115780.3,115032.0,115751.4,15004.094,7203.804
1757793600000,115751.4,115946.4,115745.6,115862.7,4077.913,1842.655
1757808000000,115862.7,116075.8,115580.0,115626.0,7677.134,3706.911
1757822400000,115626.0,115884.1,115406.1,115746.0,4741.452,2416.75
1757836800000,115746.1,116118.6,115700.3,115750.0,7509.269,3610.253
1757851200000,115750.0,115828.1,115100.5,115162.2,15997.51,7352.877
1757865600000,115162.2,115605.5,115132.4,115597.4,5946.542,3325.196
1757880000000,115597.3,116050.0,115057.0,115210.0,13216.083,6220.951
1757894400000,115210.0,115536.0,114777.0,115387.6,13576.469,6764.509
1757908800000,115387.7,116759.9,115341.8,115769.5,27463.691,13781.628
1757923200000,115769.6,115769.6,114588.0,115009.0,30239.543,15375.111
1757937600000,115009.0,115045.5,114338.5,114788.4,25881.909,11946.7
1757952000000,114788.1,115528.8,114542.6,115246.7,14288.385,6862.262
1757966400000,115246.7,115550.0,115141.4,115300.6,6461.282,2598.894
1757980800000,115300.5,115490.8,114890.0,115250.9,8274.606,3888.835
1757995200000,115250.8,115968.0,114867.0,115799.4,18532.273,9346.398
1758009600000,115799.4,115945.0,115151.0,115222.2,9903.929,4852.182
1758024000000,115222.1,115878.2,114600.0,115877.9,24558.996,12508.667
1758038400000,115877.9,116830.0,115549.9,116758.0,28427.493,14708.625
1758052800000,116757.1,116910.8,116543.7,116747.3,9748.887,4808.109
1758067200000,116747.3,117081.9,116317.0,116320.1,11721.837,5523.792
1758081600000,116320.2,117266.4,116107.2,117120.5,19903.725,11253.198
1758096000000,117120.5,117156.6,116197.0,116200.1,14747.898,7552.515
1758110400000,116200.1,116493.0,115340.0,115825.1,27934.073,14574.807
1758124800000,115825.1,116316.0,114623.3,115587.6,61585.442,29812.21
1758139200000,115587.5,116940.0,115257.1,116402.5,22232.095,11508.574
1758153600000,116402.6,117865.9,116033.5,117531.2,30344.595,14994.105
1758168000000,117531.3,117713.5,116834.5,117033.6,17350.923,8135.998
1758182400000,117033.7,117381.9,116955.0,117015.0,10057.804,4946.164
1758196800000,117015.0,117789.9,116913.9,117530.3,22097.569,10934.771
1758211200000,117530.2,117875.2,117133.0,117403.0,12457.02,6296.2
1758225600000,117402.9,117605.8,116489.7,117017.1,14907.806,6083.293
1758240000000,117017.1,117406.8,116800.0,116914.2,10269.21,4987.365
1758254400000,116914.1,117049.9,116567.3,116850.1,12862.505,6138.285
1758268800000,116850.0,117050.6,116250.7,116343.1,13997.595,6043.169
1758283200000,116343.3,116488.0,115408.4,115826.9,27296.129,13080.966
1758297600000,115826.9,116093.0,115057.0,115082.4,16518.271,7809.154
1758312000000,115082.4,115600.0,115049.9,115569.5,7207.939,3846.908
1758326400000,115569.6,115670.0,115355.0,115394.2,4785.626,1979.586
1758340800000,115394.3,115933.4,115343.0,115909.8,6258.545,3472.325
1758355200000,115909.9,115914.4,115605.6,115834.9,6129.028,2434.866
1758369600000,115834.9,116059.2,115750.6,115928.5,6527.83,3120.687
1758384000000,115928.4,116017.9,115636.6,115636.6,5001.456,2127.145
1758398400000,115636.6,115887.6,115549.9,115624.9,3653.193,1646.49
1758412800000,115625.0,115671.2,115388.0,115613.8,4830.646,2798.903
1758427200000,115613.8,115772.9,115430.2,115772.9,4856.719,2752.655
1758441600000,115772.8,115778.0,115277.0,115559.3,6594.717,3157.157
1758456000000,115559.3,115703.9,115413.0,115471.1,4436.358,2142.55
1758470400000,115471.0,115620.0,115158.0,115441.0,6740.608,3128.337
1758484800000,115441.0,115510.7,115137.6,115183.9,5334.383,2766.344
1758499200000,115183.9,115344.6,114050.0,114602.9,34217.27,15419.483
1758513600000,114602.9,114604.9,111469.2,112454.4,53970.686,22962.584
1758528000000,112454.5,112927.0,112119.0,112814.1,16269.606,7920.297
1758542400000,112814.0,113413.5,112333.0,112768.7,26147.892,13907.79
1758556800000,112768.7,112839.0,111866.3,112072.9,17130.484,8095.637
1758571200000,112072.8,112942.4,111924.6,112604.7,11725.63,5876.366
1758585600000,112604.7,112808.4,111405.1,112294.0,21299.087,10634.025
1758600000000,112294.0,113080.0,111804.9,113048.1,19008.272,10088.167
1758614400000,113048.1,113236.0,112634.0,112938.6,12834.182,6333.13
1758628800000,112938.6,113254.8,112390.6,112828.6,16574.487,8066.632
1758643200000,112828.6,112927.8,111482.0,111611.8,22467.091,11246.716
1758657600000,111611.7,112178.0,111413.5,111947.0,10075.145,5592.129
1758672000000,111947.0,112466.6,111622.4,111639.7,16182.59,8229.746
1758686400000,111639.8,112732.8,110935.0,112544.7,23001.272,11452.94
1758700800000,112544.7,113121.8,112356.4,112982.0,14830.326,7957.541
1758715200000,112982.0,113850.0,112760.0,113299.9,27960.187,14284.756
1758729600000,113300.0,113895.8,113107.4,113371.7,14802.65,7371.829
1758744000000,113371.7,113590.0,113143.3,113254.0,8537.071,4116.373
1758758400000,113253.9,113462.1,112155.6,112485.8,27168.994,12401.284
1758772800000,112485.7,112574.6,111389.0,111708.5,26475.19,12922.148
1758787200000,111708.5,112220.3,111234.8,111316.1,15940.854,7918.825
1758801600000,111316.0,111682.6,110555.0,111538.4,42099.5,20612.113
1758816000000,111538.4,111636.6,108574.1,109320.5,50538.879,22646.43
1758830400000,109320.5,109637.3,108694.8,108934.5,16440.324,7685.44
1758844800000,108934.6,109766.0,108750.0,109537.6,17356.486,9104.604
1758859200000,109537.5,109588.8,108841.0,109257.3,19163.4,9361.244
1758873600000,109257.4,109653.6,108566.0,109082.9,18038.068,8353.675
1758888000000,109082.9,109742.3,108656.8,108976.0,28268.466,14185.481
1758902400000,108976.0,110250.0,108953.7,109115.9,22207.427,11191.317
1758916800000,109115.8,109641.6,109028.7,109588.5,7243.812,3959.578
1758931200000,109588.5,109700.0,109267.3,109503.8,7435.557,3765.005
1758945600000,109503.8,109694.2,109284.3,109354.8,4334.991,1924.714
1758960000000,109354.9,109449.2,109021.9,109265.8,7603.852,3803.982
1758974400000,109265.8,109444.2,109145.0,109340.7,7048.089,3556.987
1758988800000,109340.8,109397.6,109188.1,109369.3,5170.985,2497.693
1759003200000,109369.4,109653.2,109305.5,109577.3,4278.45,2359.15
1759017600000,109577.2,109749.9,109284.1,109397.3,8565.21,4326.127
1759032000000,109397.3,109500.0,109203.9,109468.5,4028.334,2067.469
1759046400000,109468.4,109544.8,109188.0,109319.9,7836.57,3842.947
1759060800000,109319.9,109990.0,109136.5,109990.0,16361.203,8535.206
1759075200000,109990.0,110350.0,109952.2,110281.6,12576.758,6250.786
1759089600000,110281.7,112300.0,110236.6,112119.6,27879.888,14798.409
1759104000000,112119.7,112269.3,111517.3,111817.9,18747.416,8500.775
1759118400000,111817.9,111860.0,111501.0,111814.7,12523.86,6436.226
1759132800000,111814.8,112381.3,111814.7,112052.0,15639.613,7881.33
1759147200000,112052.0,114188.0,111844.3,113752.0,48549.611,25115.377
1759161600000,113752.0,114349.7,113404.5,114204.8,17519.655,9362.97
1759176000000,114204.9,114377.2,113960.6,114257.1,12425.554,5745.878
1759190400000,114257.1,114800.0,113985.1,114321.5,18219.208,9061.445
1759204800000,114321.5,114321.5,113531.7,113662.4,15263.367,7286.955
1759219200000,113662.3,113700.0,112615.3,113003.7,22065.979,11546.889
1759233600000,113003.7,113623.8,112800.1,113055.4,25466.936,12670.07
1759248000000,113055.4,114528.2,112743.6,114309.1,21865.766,11930.111
1759262400000,114309.1,114720.0,113710.0,113988.8,16438.759,7833.297
1759276800000,113988.7,114498.0,113899.4,114135.9,15897.091,7493.349
1759291200000,114135.8,114700.0,114095.2,114480.8,16277.671,7993.403
1759305600000,114480.8,116750.0,114425.6,116736.8,51889.352,29441.702
1759320000000,116736.8,117647.8,116311.5,117366.4,32115.557,16325.556
1759334400000,117366.5,118190.0,116687.5,117374.1,35556.092,18438.759
1759348800000,117374.0,118631.8,117104.1,118552.4,21253.666,11696.881
1759363200000,118552.0,119457.0,118335.0,118697.0,30360.048,16842.762
1759377600000,118697.0,118893.8,118226.4,118444.1,11848.115,5713.986
1759392000000,118444.1,118885.8,118307.3,118716.0,9479.148,4771.194
1759406400000,118716.1,119889.0,118458.4,119875.1,42758.205,22249.58
1759420800000,119875.1,120999.0,119317.0,120787.9,36408.207,19258.128
1759435200000,120787.8,120880.9,120018.0,120481.3,14603.215,7034.152
1759449600000,120481.3,120505.5,119766.0,120185.4,14304.582,7136.27
1759464000000,120185.4,120281.6,119579.6,119620.1,12310.71,5737.22
1759478400000,119620.1,120484.1,119200.0,120307.2,17880.291,8919.098
1759492800000,120307.2,122399.9,119820.4,122238.5,38616.185,21301.625
1759507200000,122238.5,123900.0,121425.5,122609.3,74701.828,38404.959
1759521600000,122609.3,122694.1,121944.7,122182.7,10066.666,4843.077
1759536000000,122182.6,122301.9,121636.4,122197.2,16539.763,8379.253
1759550400000,122197.3,122781.1,122168.4,122271.3,13166.182,6392.87
1759564800000,122271.4,122497.4,121908.3,121924.6,8147.412,3958.325
1759579200000,121924.6,122480.9,121638.5,121744.8,13471.868,6822.838
1759593600000,121744.8,121920.0,121432.0,121919.0,12409.999,5295.296
1759608000000,121918.9,122374.8,121813.4,122343.2,6743.986,3626.657
1759622400000,122343.2,124374.0,122088.1,123735.7,34731.178,20080.619
1759636800000,123735.7,125877.3,123678.0,124692.4,42796.463,22901.999
1759651200000,124692.5,124843.0,122472.0,123413.2,41554.431,19908.006
1759665600000,123413.3,123413.3,122600.0,122753.0,12408.739,5378.358
1759680000000,122752.9,123422.0,122160.0,122550.4,20005.211,9109.118
1759694400000,122550.5,123453.5,122425.7,123426.7,11074.978,6320.484
1759708800000,123426.7,124336.3,123018.5,123792.9,24935.811,12362.843
1759723200000,123792.8,124137.7,123217.9,123332.3,14538.648,6607.869
1759737600000,123332.4,124500.0,123332.3,124161.2,14441.381,7606.798
1759752000000,124161.3,125375.0,124123.3,124946.2,37455.595,17868.054
1759766400000,124946.2,126208.5,124742.5,125357.3,33248.277,17755.855
1759780800000,125357.3,125500.0,124463.0,124628.5,15581.617,7131.973
1759795200000,124628.6,125047.0,124055.0,124277.7,13050.893,6115.274
1759809600000,124277.8,124631.9,123503.9,123627.1,18156.34,8775.897
1759824000000,123627.1,124471.4,123261.6,124397.2,18443.485,9475.225
1759838400000,124397.1,125098.0,121102.0,121788.3,70971.787,32694.624
1759852800000,121788.2,122049.7,120516.0,121593.6,48194.981,23233.831
1759867200000,121593.5,122255.4,121218.0,121286.5,13081.861,5961.898
1759881600000,121286.6,122196.9,121137.0,121333.1,19688.959,10507.062
1759896000000,121333.1,121880.0,121005.3,121550.4,16141.831,8296.039
1759910400000,121550.5,123150.0,121468.5,122825.7,22689.216,12400.097
1759924800000,122825.8,123312.9,121607.8,122140.1,30420.126,15062.957
1759939200000,122140.1,124170.6,122055.8,123381.8,29648.513,15755.81
1759953600000,123381.8,123671.5,122739.7,123237.5,8511.141,4114.488
1759968000000,123237.4,123279.7,121411.8,121988.4,17473.027,9010.07
1759982400000,121988.4,122221.0,121657.3,121847.9,10691.44,4967.439
1759996800000,121847.8,122777.0,121081.5,122672.9,21258.055,10834.168
1760011200000,122673.0,123740.1,120595.5,121079.4,62517.268,27607.988
1760025600000,121079.4,121426.7,119572.8,120897.6,42006.187,19180.988
1760040000000,120897.6,121712.4,120787.9,121579.3,9650.403,4706.145
1760054400000,121579.4,121835.5,120850.0,120960.8,16114.114,7122.684
1760068800000,120960.8,121712.2,120814.0,120886.1,13636.34,6874.415
1760083200000,120886.1,121728.3,120869.2,121493.2,10048.553,5061.479
1760097600000,121493.2,122497.0,118424.4,118965.3,67102.354,31603.423
1760112000000,118965.2,119403.4,115845.0,116605.3,67842.528,31002.529
1760126400000,116605.2,117145.3,101516.5,112714.9,217219.743,100050.31
1760140800000,112715.0,113300.1,110987.0,112261.9,45022.178,21091.95
1760155200000,112261.6,112931.9,110022.0,110338.7,38020.264,15519.374
1760169600000,110338.7,112307.6,110100.5,112224.6,23492.99,11592.021
1760184000000,112224.6,112466.2,111740.8,111744.4,16698.898,7267.031
1760198400000,111744.4,112142.0,110800.1,111126.7,17110.637,7544.603
1760212800000,111126.6,111333.5,109501.0,110579.1,23326.623,10770.17
1760227200000,110579.1,111424.0,109509.3,110643.3,32024.51,16487.127
1760241600000,110643.3,112110.0,110561.8,111464.0,18747.611,9675.315
1760256000000,111463.9,112084.3,111070.4,111783.8,19180.411,9436.019
1760270400000,111783.8,113687.6,111111.0,113119.0,60564.451,29904.235
1760284800000,113119.0,114654.5,113119.0,114288.7,44045.749,21899.407
1760299200000,114288.8,115730.3,114200.0,114894.4,43365.305,21136.101
1760313600000,114894.5,115912.0,114566.1,114773.6,33866.079,15893.85
1760328000000,114773.5,115500.0,114357.2,115341.7,27016.549,14292.925
1760342400000,115341.7,115376.3,113600.5,114129.3,29931.406,13591.94
1760356800000,114129.2,115488.9,113721.2,114260.7,52250.214,25408.016
1760371200000,114260.8,115827.6,114151.0,115726.6,38754.704,19996.272
1760385600000,115726.6,115817.4,114930.1,115111.9,14177.831,6511.246
1760400000000,115112.0,115360.2,113210.6,113441.0,31868.196,15420.098
1760414400000,113440.9,113677.9,111302.0,111665.2,66212.874,31837.686
1760428800000,111665.2,112100.1,109969.2,111241.4,44800.731,22016.611
1760443200000,111241.4,112839.9,109802.0,112823.0,52781.51,27121.248
1760457600000,112822.9,113480.0,111615.1,112543.9,51041.328,22498.141
1760472000000,112543.9,113557.9,112164.6,112983.8,12539.857,6254.789
1760486400000,112983.9,113576.1,111758.5,111978.7,20365.548,9784.725
1760500800000,111978.7,112637.0,111692.8,112524.3,12933.986,6806.829
1760515200000,112524.4,113477.9,111606.1,111841.0,25860.953,11634.436
1760529600000,111840.9,112183.4,110320.4,110757.5,40187.854,20395.596
1760544000000,110757.4,111500.0,110096.9,111202.7,18943.794,9665.31
1760558400000,111202.7,111499.7,110429.8,110699.0,13484.955,6489.637
1760572800000,110699.1,111827.5,110300.0,111277.4,15192.718,7895.449
1760587200000,111277.5,111711.4,110488.0,110518.2,19927.291,9600.24
1760601600000,110518.2,111677.1,109403.5,111363.9,35831.997,17930.78
1760616000000,111364.0,111960.0,108250.0,108474.0,56236.512,25459.402
1760630400000,108473.9,109212.6,107503.3,108151.3,50886.082,25109.388
1760644800000,108151.2,108450.4,107350.0,108129.4,15470.185,7645.647
1760659200000,108129.4,109199.8,107885.6,109121.8,14999.648,8055.319
1760673600000,109121.9,109182.9,105457.4,105578.3,46920.111,20229.476
1760688000000,105578.3,106666.6,103470.0,105610.5,85777.861,44267.551
1760702400000,105610.5,106800.0,104489.5,106750.1,57751.674,28385.312
1760716800000,106750.0,107505.0,106016.6,106416.4,25754.742,12947.377
1760731200000,106416.5,107370.0,106296.3,106378.6,11585.656,5314.787
1760745600000,106378.5,107250.0,106270.0,107025.0,15612.225,7242.383
1760760000000,107024.9,107452.6,106374.2,106648.3,19538.235,7912.445
1760774400000,106648.2,107187.9,106550.0,107151.0,10415.868,5701.958
1760788800000,107151.0,107248.0,106669.0,106893.2,9353.647,4629.072
1760803200000,106893.3,107047.5,106410.8,107023.0,7832.113,3805.014
1760817600000,107023.0,107298.7,106788.4,107117.5,5757.815,3019.366
1760832000000,107117.5,107333.0,106666.9,107221.9,9661.995,4612.005
1760846400000,107221.9,107241.5,106503.3,106733.3,8079.786,4020.856
1760860800000,106733.3,108214.8,106055.8,107730.6,45768.235,23601.487
1760875200000,107730.6,108575.6,107312.2,108429.5,20332.538,10450.785
1760889600000,108429.6,109399.9,108175.6,108850.0,19259.023,9470.515
1760904000000,108850.1,109340.7,108366.4,108586.2,10372.143,5160.351
1760918400000,108586.2,110404.3,107377.2,110100.4,30932.22,15920.937
1760932800000,110100.3,111350.0,109875.0,111126.2,28821.916,13701.542
1760947200000,111126.2,111650.0,110552.3,110969.5,19262.416,9624.53
1760961600000,110969.5,111649.0,110522.9,111079.1,22003.588,10725.914
1760976000000,111079.2,111255.0,109800.0,110735.0,29379.973,13909.908
1760990400000,110735.1,111215.3,110355.0,110469.9,9246.836,4607.884
1761004800000,110469.9,110486.3,109005.0,109005.0,17977.098,8113.763
1761019200000,109005.1,109005.1,107400.0,108020.0,34541.006,17430.198
1761033600000,108019.9,108772.4,107432.8,108519.4,20402.173,11151.814
1761048000000,108519.4,113480.0,107677.0,113355.2,76932.616,38855.741
1761062400000,113355.2,113940.0,111255.9,111720.7,51739.148,24802.31
1761076800000,111720.7,111747.7,108000.0,108253.7,39535.385,17965.813
1761091200000,108253.8,108649.4,107777.1,108174.1,22708.974,11971.197
1761105600000,108174.0,108581.9,107558.1,108284.1,19772.922,10302.728
1761120000000,108284.1,108313.8,106360.3,107501.7,28951.313,13961.79
1761134400000,107501.7,109160.0,107389.4,108369.9,61071.108,33058.662
1761148800000,108369.8,108780.0,107416.1,107829.0,24816.809,12210.377
1761163200000,107829.1,108032.0,106588.0,107532.0,23572.857,11316.582
1761177600000,107532.1,108660.0,107462.9,108322.2,17160.974,9079.872
1761192000000,108322.2,110275.9,108290.3,109228.6,26449.996,13077.084
1761206400000,109228.6,109867.7,109021.3,109218.5,14083.275,6682.81
1761220800000,109218.5,110088.0,108639.4,109849.0,30294.704,14591.068
1761235200000,109849.0,111240.0,109575.9,110137.8,26886.962,13253.456
1761249600000,110137.9,110145.8,109260.0,110025.9,14764.806,7093.967
1761264000000,110026.0,110839.9,109927.8,110399.9,13232.129,6422.71
1761278400000,110399.9,111498.8,110274.4,111013.7,19519.691,10122.928
1761292800000,111013.7,111438.3,110496.5,111006.7,15176.101,7086.509
1761307200000,111006.7,112086.0,109650.0,110009.8,43877.194,21491.495
1761321600000,110009.9,110907.1,109752.8,110571.3,10895.753,5871.395
1761336000000,110571.4,111088.0,110431.0,110965.4,8058.664,3802.254
1761350400000,110965.4,111187.5,110600.5,110962.3,5959.945,2537.666
1761364800000,110962.3,111775.1,110962.3,111445.4,9261.504,4853.982
1761379200000,111445.5,111789.4,111328.0,111522.7,8330.669,4028.075
1761393600000,111522.6,111903.9,111255.2,111340.9,10350.647,4896.789
1761408000000,111341.0,111686.0,111094.4,111574.9,7533.985,3843.863
1761422400000,111574.9,111640.1,111291.0,111589.4,3832.733,1950.657
1761436800000,111589.4,111866.7,111200.0,111210.1,6834.903,3084.845
1761451200000,111210.1,111677.9,111200.2,111672.8,3509.598,1814.374
1761465600000,111672.9,113442.5,111650.3,113235.2,25720.793,13788.711
1761480000000,113235.1,114000.0,113221.5,113648.1,26931.538,13636.736
1761494400000,113648.0,113774.5,113231.2,113546.3,8821.993,4094.555
1761508800000,113546.2,115521.7,112800.0,114497.8,25516.562,13729.268
1761523200000,114497.9,115407.7,114300.0,114927.7,18053.27,8464.512
1761537600000,114927.8,116380.2,114925.6,115522.5,30815.659,16047.044
1761552000000,115522.4,115575.1,114780.2,115302.3,17780.233,8617.778
1761566400000,115302.3,115385.7,114433.0,114914.4,22572.882,10781.148
1761580800000,114914.5,115744.8,114712.4,114894.9,14588.861,6835.062
1761595200000,114894.8,114894.8,113792.4,114064.1,14800.707,7208.491
1761609600000,114064.2,114500.1,113477.5,113863.9,15404.391,8184.113
1761624000000,113864.0,114320.6,113422.0,114128.7,11948.36,6508.553
1761638400000,114128.8,114619.2,114058.0,114290.7,9577.148,4684.23
1761652800000,114290.6,116074.3,114080.8,114571.9,40806.62,20162.066
1761667200000,114571.7,115554.5,113500.0,113629.0,24148.699,11612.74
1761681600000,113629.0,113647.4,112121.4,112833.5,29203.622,13511.398
1761696000000,112833.5,112927.5,112036.1,112459.6,16426.727,8282.445
1761710400000,112459.6,113525.0,112443.5,113511.9,14258.365,8139.651
1761724800000,113512.0,113581.7,112666.0,113084.5,13158.647,6227.525
1761739200000,113084.6,113593.0,111326.5,111460.6,33870.214,14391.176
1761753600000,111460.7,111963.0,109026.4,110605.6,66487.33,31342.284
1761768000000,110605.9,111744.0,109686.4,109985.6,19719.583,10333.654
1761782400000,109985.6,110957.9,109670.6,110694.5,17053.264,8904.914
1761796800000,110694.4,111565.1,107817.3,111313.5,53901.189,25877.856
1761811200000,111313.6,111400.0,109638.6,109666.0,21769.837,9963.759
1761825600000,109665.9,109736.3,107254.1,107670.6,53828.523,25845.543
1761840000000,107670.5,108184.0,106200.0,106495.1,36902.37,17331.833
1761854400000,106494.3,108300.0,106257.0,108263.5,22298.461,12162.766
1761868800000,108263.6,110014.4,108226.6,109186.2,32333.602,16165.504
1761883200000,109186.3,110200.0,109062.7,109400.1,23926.082,12166.08
1761897600000,109400.0,110500.0,109159.0,110375.7,19137.691,10071.934
1761912000000,110375.7,111233.0,109308.1,110160.1,44500.399,23272.586
1761926400000,110160.1,110273.2,108600.0,109802.8,25323.478,12602.658
1761940800000,109802.7,109802.7,109277.7,109557.3,6842.524,3828.031
1761955200000,109557.2,110300.0,109351.5,110194.6,8752.106,4979.266
1761969600000,110194.6,110557.0,109885.5,110025.3,7330.524,3576.409
1761984000000,110025.3,110237.6,109803.0,110096.2,5172.837,2452.366
1761998400000,110096.3,110300.0,109654.5,110253.2,9755.49,4960.574
1762012800000,110253.1,110486.4,110125.1,110249.0,6444.769,3198.852
1762027200000,110249.0,110487.0,109803.5,110047.2,4158.495,1965.752
1762041600000,110047.3,110234.4,109836.7,110008.5,4533.29,2400.622
1762056000000,110008.4,110988.0,109974.1,110844.1,12154.892,6437.383
1762070400000,110844.0,111193.5,110302.1,111145.4,12421.938,5936.165
1762084800000,111145.4,111216.0,110030.0,110066.1,13972.771,6396.859
1762099200000,110066.2,110286.2,109661.2,110125.2,9115.985,3763.843
1762113600000,110125.3,110700.0,109368.9,110494.9,8910.297,4392.719
1762128000000,110494.9,110711.0,107850.0,107886.0,27059.636,12142.663
1762142400000,107886.0,108088.8,106946.7,107420.5,24838.664,12832.087
1762156800000,107420.6,107881.4,106618.7,107737.4,20106.721,9678.39
1762171200000,107737.4,108280.0,105500.0,105718.8,48388.035,23936.087
1762185600000,105718.8,107797.2,105300.0,107034.7,38120.26,18679.126
1762200000000,107034.7,107120.0,105750.1,106544.0,15744.731,7892.178
1762214400000,106544.0,107271.9,105820.0,107097.2,21672.139,11565.412
1762228800000,107097.1,107247.8,104125.3,104442.9,41302.896,18896.058
1762243200000,104442.9,104656.0,103550.0,104530.7,30893.792,14570.407
1762257600000,104530.7,104800.0,102870.0,103157.7,45886.912,22027.612
1762272000000,103157.7,103474.1,99980.0,100507.0,81901.563,38474.458
1762286400000,100507.0,101859.5,98888.8,101450.3,60084.858,30211.351
1762300800000,101450.2,102222.0,98909.7,102094.8,55517.144,28279.733
1762315200000,102094.8,102326.4,101433.3,101946.1,20988.348,9623.065
1762329600000,101946.2,102174.9,101131.0,102019.4,20735.516,10917.56
1762344000000,102019.3,103750.0,101867.8,103668.3,35318.597,19055.85
1762358400000,103668.2,104496.6,102972.8,103950.0,22268.689,10887.374
1762372800000,103950.0,104497.6,103240.5,103837.0,12941.8,6505.69
1762387200000,103837.0,103919.7,102684.7,103598.3,17770.869,8230.51
1762401600000,103598.3,104210.2,102850.1,103138.6,13713.371,7230.185
1762416000000,103138.6,103406.0,102611.5,103182.6,12724.785,5698.991
1762430400000,103182.6,103585.0,101570.5,101981.6,41011.914,20571.881
1762444800000,101981.6,102367.9,100238.4,101335.9,44808.954,23502.187
1762459200000,101335.9,101599.6,100500.0,101305.6,14999.928,7758.833
1762473600000,101305.6,102311.0,100700.1,101863.5,20217.531,9848.871
1762488000000,101863.4,102480.4,101530.0,101978.8,13280.182,6480.578
1762502400000,101978.2,102024.7,99750.0,100369.1,30839.672,13697.552
1762516800000,100369.2,101230.0,99200.0,100758.0,47608.527,24281.842
1762531200000,100758.0,103350.7,100468.9,103350.0,34409.209,17631.745
1762545600000,103350.0,104070.7,102889.6,103305.2,17612.337,8720.708
1762560000000,103305.3,103373.8,102488.0,102545.8,15693.661,7198.744
1762574400000,102545.8,102794.0,101853.8,102302.9,14868.115,6682.083
1762588800000,102302.8,102654.1,101647.7,101805.6,11719.209,5680.089
1762603200000,101805.6,102142.9,101400.1,101678.0,14407.901,6512.248
1762617600000,101678.1,102182.7,101471.1,101934.3,8852.243,4412.48
1762632000000,101934.4,102443.9,101906.6,102269.3,5150.82,2541.254
1762646400000,102269.3,102294.9,101300.0,101622.9,8613.569,4041.941
1762660800000,101623.0,102097.0,101602.1,101898.2,6756.373,3472.552
1762675200000,101898.3,102274.9,101457.0,102198.2,9506.279,5164.165
1762689600000,102198.2,104180.0,102001.0,103715.8,29922.195,16032.754
1762704000000,103715.8,104780.0,103290.8,104764.1,19690.095,10639.366
1762718400000,104764.1,105440.0,103999.5,104670.6,17879.159,8762.566
1762732800000,104670.7,106666.0,104205.9,105990.6,32933.122,16503.906
1762747200000,105990.6,106499.0,105800.0,106417.7,12528.833,5890.035
1762761600000,106417.6,106570.0,105780.1,106136.6,13572.766,6450.475
1762776000000,106136.5,106566.7,104615.7,105028.9,33078.144,15583.849
1762790400000,105028.9,106081.1,104735.6,105767.2,16326.419,8085.74
1762804800000,105767.1,106249.6,105202.7,105966.3,11964.254,6030.19
1762819200000,105966.3,107473.7,105399.6,106407.3,30111.804,15708.301
1762833600000,106407.4,106496.6,104685.3,104737.0,20998.664,9727.139
1762848000000,104737.1,105464.2,104718.2,105256.2,11555.593,5629.962
1762862400000,105256.2,105459.8,103135.2,103417.2,35003.229,16026.918
1762876800000,103417.2,103694.8,102777.0,103073.6,19238.124,9373.622
1762891200000,103073.6,103183.8,102400.0,103005.8,15696.36,7982.019
1762905600000,103005.8,103399.4,102629.5,103267.2,13122.938,6718.766
1762920000000,103267.2,103605.0,102941.6,103066.7,8824.55,4007.616
1762934400000,103066.7,105162.6,103066.7,104979.9,27402.495,14726.234
1762948800000,104979.9,105297.0,101900.0,102124.9,41940.216,19052.613
1762963200000,102124.9,102249.2,100711.0,101245.4,37825.035,18776.429
1762977600000,101245.3,101964.5,101087.8,101605.8,11761.042,6257.712
1762992000000,101605.8,102581.7,100850.0,102088.1,22639.572,11298.345
1763006400000,102088.0,104024.6,101602.2,103430.9,34325.354,18192.614
1763020800000,103430.9,103765.4,102509.1,102900.0,18566.647,8617.012
1763035200000,102900.1,103456.0,101135.0,101338.0,45078.899,22402.171
1763049600000,101338.0,101495.7,98100.0,98643.1,75018.436,36419.01
1763064000000,98643.1,100485.8,97959.0,99654.3,40417.891,20866.794
1763078400000,99654.3,99862.8,98657.0,99103.3,28715.78,12653.131
1763092800000,99103.3,99152.0,95840.9,97099.9,71313.808,32486.769
1763107200000,97099.9,97520.0,95597.9,96134.6,31110.834,14741.353
1763121600000,96134.5,97280.0,94500.0,96752.6,82600.541,40438.488
1763136000000,96752.7,97377.6,94741.2,95737.3,42316.61,20170.891
1763150400000,95737.4,95900.0,93955.0,94544.9,31015.21,15264.391
1763164800000,94544.9,96800.0,94523.9,96388.5,27406.464,16511.255
1763179200000,96388.5,96543.8,95900.1,96289.4,13884.426,6963.571
1763193600000,96289.3,96310.4,95587.3,95657.3,12856.23,6154.915
1763208000000,95657.3,96439.6,95534.1,96222.1,13204.02,6501.441
1763222400000,96222.1,96362.5,95677.7,95967.7,11960.891,5571.201
1763236800000,95967.7,95979.1,95072.1,95560.3,10908.288,5500.864
1763251200000,95560.4,95946.4,94800.0,95782.0,12634.047,6617.022
1763265600000,95782.0,96170.6,95602.0,96064.8,8616.379,4468.031
1763280000000,96064.8,96600.0,95443.6,95588.0,16713.435,8064.184
1763294400000,95588.0,95870.0,94300.0,94531.3,18869.751,8345.741
1763308800000,94531.2,95544.8,93677.4,93994.5,44324.084,20765.933
1763323200000,93994.5,94700.0,92922.8,94221.7,34591.813,16889.569
1763337600000,94221.7,95539.3,93730.0,95472.1,24659.317,13026.031
1763352000000,95472.0,95838.0,94850.0,95587.9,15760.621,7200.013
1763366400000,95587.9,95980.1,95268.9,95530.1,14932.07,6937.1
1763380800000,95530.0,96012.2,93511.8,93915.7,58887.551,28182.436
1763395200000,93915.8,94388.0,91550.2,91656.2,60184.076,27978.756
1763409600000,91656.2,92370.9,91250.0,92169.7,30737.65,14703.285
1763424000000,92169.8,92335.4,89666.1,90811.9,54125.497,24727.684
1763438400000,90811.8,90842.1,89012.0,90459.1,44370.545,21058.668
1763452800000,90459.2,91567.0,90459.1,91473.6,28352.843,14290.768
1763467200000,91474.1,92991.7,90888.0,92851.4,58085.185,29408.369
1763481600000,92851.5,93799.1,92532.0,93143.1,33005.355,16437.199
1763496000000,93143.1,93400.0,92420.3,92916.9,14751.731,7863.794
1763510400000,92916.8,92944.8,91600.0,91842.2,24522.251,11279.734
1763524800000,91842.1,91987.2,89966.0,91826.6,46058.357,22698.428
1763539200000,91826.6,91920.0,91038.9,91372.4,19679.241,9450.485
1763553600000,91372.3,92348.2,89822.0,89901.0,42278.255,20049.206
1763568000000,89901.0,90202.5,88600.0,88857.7,54170.658,26778.314
1763582400000,88857.8,91554.9,88564.4,91508.9,39729.688,21338.701
1763596800000,91509.0,92760.0,91140.2,92404.6,26837.515,12756.149
1763611200000,92404.7,93150.0,91640.2,92267.4,27995.866,14013.951
1763625600000,92267.5,92363.1,91388.5,91892.6,17102.033,7903.325
1763640000000,91892.7,92498.6,89804.1,89835.4,50957.631,24956.057
1763654400000,89835.5,89885.7,86066.6,86880.3,114064.312,53908.905
1763668800000,86880.2,88214.1,86291.7,86601.3,39555.67,19891.686
1763683200000,86601.4,87465.4,85288.0,85782.5,45579.338,19712.379
1763697600000,85782.4,86313.2,81111.0,84006.7,78365.775,33793.674
1763712000000,84006.7,84667.1,81601.7,82279.1,84124.192,39932.056
1763726400000,82279.2,85449.2,80600.0,82905.1,129537.87,64058.245
1763740800000,82905.0,85548.4,82300.0,84167.2,80734.325,40107.525
1763755200000,84167.1,85374.5,83418.4,85093.5,31462.824,16311.808
1763769600000,85093.6,85599.9,84180.0,84414.1,19897.887,9427.8
1763784000000,84414.0,84764.3,83792.0,84537.4,15965.292,8014.501
1763798400000,84537.4,84546.4,83456.0,84066.2,20664.044,10267.781
1763812800000,84066.2,84712.7,83578.5,84239.9,18582.456,9301.095
1763827200000,84239.9,84888.0,84175.0,84566.7,9063.108,4563.968
1763841600000,84566.8,85238.3,84193.8,84689.4,10024.268,5307.263
1763856000000,84689.4,86300.0,84622.0,86261.0,24200.097,13217.33
1763870400000,86261.0,86826.8,85348.7,85732.0,24602.446,11263.709
1763884800000,85732.1,86438.5,85724.7,86290.3,16673.741,7883.525
1763899200000,86290.3,87222.0,86222.0,87042.8,26845.253,13215.434
1763913600000,87042.8,87653.9,86458.0,87276.7,24543.305,12602.233
1763928000000,87276.7,88100.0,86700.0,86807.7,22065.231,11013.017
1763942400000,86807.6,88049.5,85915.0,87408.8,36758.713,18479.518
1763956800000,87408.7,87795.9,86400.0,87004.6,26095.166,12517.794
1763971200000,87004.6,87004.6,85654.1,86232.5,25190.047,11969.736
1763985600000,86232.5,86700.0,85226.4,86571.0,47419.81,23197.631
1764000000000,86571.1,88788.0,86571.0,88277.0,51453.968,25533.913
1764014400000,88277.1,89177.3,88205.3,88247.1,24195.628,11731.507
1764028800000,88247.1,88247.1,87378.8,87775.1,19713.977,9608.94
1764043200000,87775.0,88477.6,87240.0,87362.2,17064.891,8723.318
1764057600000,87362.2,87585.7,86628.4,87311.9,23787.173,10618.141
1764072000000,87312.0,87732.7,86061.1,86946.5,39724.105,18508.913
1764086400000,86946.6,88115.0,86132.7,86835.0,30082.125,15594.614
1764100800000,86835.1,87869.4,86542.0,87324.1,19265.384,9671.014
1764115200000,87324.1,88200.0,87022.2,87088.5,17140.975,8275.626
1764129600000,87088.4,87947.0,86851.1,87896.2,14105.593,7320.523
1764144000000,87896.2,87909.2,86630.0,87049.2,17454.952,8541.957
1764158400000,87049.1,87646.8,86260.9,86926.2,36287.132,16130.531
1764172800000,86926.3,90362.7,86914.3,89923.3,54312.066,27672.89
1764187200000,89923.3,90655.4,89458.7,90438.1,19845.815,9896.576
1764201600000,90438.0,91850.0,90024.4,91049.3,32745.927,17162.124
1764216000000,91049.3,91520.0,90843.8,91361.5,14177.4,6875.905
1764230400000,91361.4,91931.9,91177.2,91334.9,18138.117,7974.566
1764244800000,91334.9,91418.4,90410.6,90912.9,24029.717,11736.48
1764259200000,90913.0,91800.0,90800.4,91489.0,17191.032,8646.474
1764273600000,91489.0,91562.8,91058.4,91292.2,7403.039,3527.181
1764288000000,91292.2,91386.6,90612.2,91168.0,13757.156,6721.542
1764302400000,91168.0,91690.0,90824.1,90870.2,13510.903,6560.078
1764316800000,90870.2,92000.0,90863.6,91382.9,21589.404,11154.394
1764331200000,91383.0,93080.0,91314.4,92299.9,48122.799,25094.97
1764345600000,92299.8,92323.6,90155.0,91106.1,41246.173,20846.02
1764360000000,91106.0,91209.0,90657.6,90847.8,8693.912,4133.658
1764374400000,90847.8,91078.4,90500.0,90638.0,7053.901,3409.389
1764388800000,90638.1,90884.8,90265.2,90523.5,9280.403,4382.266
1764403200000,90523.4,90691.5,90335.2,90633.7,6285.01,3082.944
1764417600000,90633.8,91068.1,90484.3,91030.0,8755.57,4794.569
1764432000000,91030.0,91130.0,90092.7,90602.9,14802.817,6710.699
1764446400000,90602.9,91020.0,90363.0,90765.0,8018.978,4076.053
1764460800000,90764.9,91016.0,90414.0,90873.0,6739.259,3446.769
1764475200000,90872.9,90999.4,90626.2,90924.5,4260.813,2229.342
1764489600000,90924.5,91580.0,90879.3,91000.9,14264.111,7733.445
1764504000000,91000.9,91934.4,90960.0,91405.8,16461.441,9070.931
1764518400000,91405.9,91818.8,91088.1,91423.2,8957.664,4606.77
1764532800000,91423.1,91592.3,90300.0,90320.6,15456.43,6469.048
1764547200000,90320.5,90396.9,86126.0,86319.2,80222.892,36874.165
