timestamp,open,high,low,close,volume,taker_buy_base,complete
2025-12-01 00:00:00+00:00,90320.5,90396.899999999994,86126,86319.199999999997,80222.892000000007,36874.165000000001,True
2025-12-01 04:00:00+00:00,86319.100000000006,86524.600000000006,85563.699999999997,86487.600000000006,31809.427,15823.394,True
2025-12-01 08:00:00+00:00,86487.300000000003,86886,86090,86100.100000000006,19775.516,9410.4539999999997,True
2025-12-01 12:00:00+00:00,86100,86625,83786,84650,83435.904999999999,40852.968000000001,True
2025-12-01 16:00:00+00:00,84650,85528.699999999997,84011,84985,46606.811000000002,25733.401000000002,True
2025-12-01 20:00:00+00:00,84985,86817,84966.800000000003,86241.600000000006,34996.614999999998,19082.095000000001,True
2025-12-02 00:00:00+00:00,86241.5,87384,86140.100000000006,86936,23647.179,12629.432000000001,True
2025-12-02 04:00:00+00:00,86935.899999999994,87245.899999999994,86772,86965,11979.706,5805.4920000000002,True
2025-12-02 08:00:00+00:00,86965,87640,86321,87326.899999999994,24568.861000000001,12486.402,True
2025-12-02 12:00:00+00:00,87327,91211.300000000003,87005,90809.199999999997,78565.043999999994,41583.773999999998,True
2025-12-02 16:00:00+00:00,90809.199999999997,92273.199999999997,90156.399999999994,91849.899999999994,54905.622000000003,28164.495999999999,True
2025-12-02 20:00:00+00:00,91849.899999999994,91970.399999999994,90643.5,91249.100000000006,34434.752999999997,15303.864,True
2025-12-03 00:00:00+00:00,91249.100000000006,93068.899999999994,90954.800000000003,92589.199999999997,30608.344000000001,17309.352999999999,True
2025-12-03 04:00:00+00:00,92589.199999999997,93932.699999999997,92578,92969.899999999994,37966.712,18839.184000000001,True
2025-12-03 08:00:00+00:00,92970,93338.399999999994,92602.800000000003,92957.699999999997,21367.918000000001,10475.933999999999,True
2025-12-03 12:00:00+00:00,92957.600000000006,93653.600000000006,91637.399999999994,92332.899999999994,58413.578000000001,27196.399000000001,True
2025-12-03 16:00:00+00:00,92333,93471.100000000006,91733.199999999997,92995.800000000003,30690.222000000002,16478.413,True
2025-12-03 20:00:00+00:00,92995.800000000003,94185,92784.300000000003,93376.699999999997,22251.543000000001,11429.391,True
2025-12-04 00:00:00+00:00,93376.800000000003,94040,92628,93499.899999999994,24501.315999999999,12838.898999999999,True
2025-12-04 04:00:00+00:00,93500,93549.199999999997,92737,93358.600000000006,16001.449000000001,8029.1350000000002,True
2025-12-04 08:00:00+00:00,93358.5,93600,92666.100000000006,92894.899999999994,16325.267,7889.5910000000003,True
2025-12-04 12:00:00+00:00,92894.899999999994,93256.300000000003,91762,92933.5,38745.228000000003,17962.557000000001,True
2025-12-04 16:00:00+00:00,92933.399999999994,93143.399999999994,90822.5,91941.5,38482.82,18940.780999999999,True
2025-12-04 20:00:00+00:00,91941.5,92676.800000000003,91649.800000000003,92034.699999999997,12716.347,6290.3419999999996,True
2025-12-05 00:00:00+00:00,92034.699999999997,92665.5,91917.699999999997,92104.899999999994,10956.852000000001,5366.1469999999999,True
2025-12-05 04:00:00+00:00,92104.800000000003,92455.399999999994,91750.600000000006,92227.5,12306.339,6468.576,True
2025-12-05 08:00:00+00:00,92227.600000000006,92227.600000000006,90940.399999999994,91307.899999999994,21552.042000000001,10255.842000000001,True
2025-12-05 12:00:00+00:00,91308,91445.199999999997,89863,90414,55291.144,27329.084999999999,True
2025-12-05 16:00:00+00:00,90413.899999999994,90460,87976.300000000003,89590.5,66447.206999999995,32445.392,True
2025-12-05 20:00:00+00:00,89590.5,89706,88856.699999999997,89288.5,12571.473,6719.2690000000002,True
2025-12-06 00:00:00+00:00,89288.600000000006,89758,88986.100000000006,89636.5,10198.215,5506.1210000000001,True
2025-12-06 04:00:00+00:00,89636.5,89732.399999999994,89410.800000000003,89549.600000000006,6055.8270000000002,2880.1219999999998,True
2025-12-06 08:00:00+00:00,89549.5,89679,89165.899999999994,89585.399999999994,8658.9150000000009,4048.8200000000002,True
2025-12-06 12:00:00+00:00,89585.399999999994,90257.300000000003,89424.199999999997,89713.399999999994,14787.6,7496.7290000000003,True
2025-12-06 16:00:00+00:00,89713.300000000003,89940.300000000003,89203,89369.399999999994,8623.4449999999997,3901.683,True
2025-12-06 20:00:00+00:00,89369.5,89578.300000000003,88870.100000000006,89197.100000000006,8502.8649999999998,3933.7240000000002,True
2025-12-07 00:00:00+00:00,89197.100000000006,89704.5,89131.5,89675.600000000006,5748.3850000000002,3321.2370000000001,True
2025-12-07 04:00:00+00:00,89675.699999999997,89750,89155,89337.100000000006,6553.5959999999995,2912.7440000000001,True
2025-12-07 08:00:00+00:00,89337.100000000006,89494.399999999994,89012.899999999994,89109.399999999994,7659.0240000000003,3787.2640000000001,True
2025-12-07 12:00:00+00:00,89109.300000000003,89700,87688,89505,41325.561000000002,21195.998,True
2025-12-07 16:00:00+00:00,89505,91722,89065.199999999997,91379.699999999997,36596.273999999998,19084.297999999999,True
2025-12-07 20:00:00+00:00,91379.800000000003,91473.199999999997,88890,90345.399999999994,31709.165000000001,15798.519,True
2025-12-08 00:00:00+00:00,90345.399999999994,91650,89806.399999999994,91039.399999999994,20651.383000000002,10584.941999999999,True
2025-12-08 04:00:00+00:00,91039.300000000003,91868,90979.199999999997,91519.800000000003,12977.758,6797.2969999999996,True
2025-12-08 08:00:00+00:00,91519.800000000003,92262.600000000006,91433.600000000006,91923.5,16068.448,8071.2299999999996,True
2025-12-08 12:00:00+00:00,91923.600000000006,92106.399999999994,89553.800000000003,89912.600000000006,57039.196000000004,27438.168000000001,True
2025-12-08 16:00:00+00:00,89912.699999999997,90471.600000000006,89629.100000000006,90073.600000000006,29715.552,14787.061,True
2025-12-08 20:00:00+00:00,90073.699999999997,91338.199999999997,90073.699999999997,90610.800000000003,16022.402,8253.9920000000002,True
2025-12-09 00:00:00+00:00,90610.800000000003,90810.800000000003,89774.100000000006,90364,15639.888000000001,7756.3689999999997,True
2025-12-09 04:00:00+00:00,90364.100000000006,90485.800000000003,89368.899999999994,90449.899999999994,20910.848999999998,9674.5830000000005,True
2025-12-09 08:00:00+00:00,90449.899999999994,90584.800000000003,89868,90341.899999999994,10989.605,5264.5519999999997,True
2025-12-09 12:00:00+00:00,90342,92867,89953,92676.899999999994,45314.764999999999,23476.452000000001,True
2025-12-09 16:00:00+00:00,92676.899999999994,94555,92656.5,93761.899999999994,62023.498,32201.844000000001,True
2025-12-09 20:00:00+00:00,93761.899999999994,93819.100000000006,92199,92638.399999999994,27051.657999999999,13330.097,True
2025-12-10 00:00:00+00:00,92638.300000000003,92748.199999999997,91900,92366,16458.475999999999,7804.8729999999996,True
2025-12-10 04:00:00+00:00,92366,92749.800000000003,92339.800000000003,92744.699999999997,9066.2909999999993,4666.1989999999996,True
2025-12-10 08:00:00+00:00,92744.699999999997,93278.899999999994,91721,92085.5,22951.745999999999,10403.433000000001,True
2025-12-10 12:00:00+00:00,92085.399999999994,92197.300000000003,91520,92021.800000000003,20761.517,9922.7260000000006,True
2025-12-10 16:00:00+00:00,92021.800000000003,93223.600000000006,91605,92913.800000000003,47793.663999999997,23737.440999999999,True
2025-12-10 20:00:00+00:00,92913.899999999994,94443.699999999997,91825,91977.5,43457.086000000003,21473.519,True
2025-12-11 00:00:00+00:00,91977.5,92046.300000000003,89321,89833.100000000006,41765.029999999999,18690.475999999999,True
2025-12-11 04:00:00+00:00,89833.100000000006,90445.600000000006,89640.399999999994,90231.399999999994,16187.084000000001,8441.2060000000001,True
2025-12-11 08:00:00+00:00,90231.300000000003,90494.699999999997,89931,90195.300000000003,11011.162,5179.6890000000003,True
2025-12-11 12:00:00+00:00,90195.300000000003,90618,89200,89830.100000000006,36667.082000000002,17564.191999999999,True
2025-12-11 16:00:00+00:00,89830.100000000006,91499,89288,90793.5,36608.296999999999,19183.669000000002,True
2025-12-11 20:00:00+00:00,90793.5,93547.300000000003,90749.600000000006,92477.5,48909.413,24957.393,True
2025-12-12 00:00:00+00:00,92477.600000000006,92719,91400,92234.300000000003,22813.990000000002,10380.404,True
2025-12-12 04:00:00+00:00,92234.300000000003,92685.5,92028.399999999994,92389.5,11201.459999999999,5175.0190000000002,True
2025-12-12 08:00:00+00:00,92389.5,92600,92050,92381.5,9687.1929999999993,4915.5829999999996,True
2025-12-12 12:00:00+00:00,92381.399999999994,92630,89688,89895,49205.788,23156.870999999999,True
2025-12-12 16:00:00+00:00,89895,90617.699999999997,89429,90147.300000000003,41898.523000000001,21648.175999999999,True
2025-12-12 20:00:00+00:00,90147.399999999994,90357.5,89843,90229.600000000006,10037.156000000001,4895.5730000000003,True
2025-12-13 00:00:00+00:00,90229.699999999997,90432,90077,90304,5591.1800000000003,2608.9540000000002,True
2025-12-13 04:00:00+00:00,90304.100000000006,90379.5,90226.800000000003,90286.100000000006,3796.5999999999999,1825.6279999999999,True
2025-12-13 08:00:00+00:00,90286,90599,90239,90298.399999999994,7893.366,4005.2020000000002,True
2025-12-13 12:00:00+00:00,90298.5,90441.899999999994,89888,90055.399999999994,9021.4040000000005,4011.3119999999999,True
2025-12-13 16:00:00+00:00,90055.300000000003,90236.600000000006,89944,90150.899999999994,4576.9620000000004,2289.7849999999999,True
2025-12-13 20:00:00+00:00,90150.800000000003,90248,89711.899999999994,90191.300000000003,5358.2209999999995,2738.5790000000002,True
2025-12-14 00:00:00+00:00,90191.300000000003,90440,90071.600000000006,90222.300000000003,7086.6499999999996,3159.4029999999998,True
2025-12-14 04:00:00+00:00,90222.399999999994,90300,90005.800000000003,90205.100000000006,3999.9389999999999,1797.2249999999999,True
2025-12-14 08:00:00+00:00,90205.100000000006,90250,88412.800000000003,89308.199999999997,24641.953000000001,10623.054,True
2025-12-14 12:00:00+00:00,89308.300000000003,89630.800000000003,88831.699999999997,88985.199999999997,17265.699000000001,8586.0280000000002,True
2025-12-14 16:00:00+00:00,88985.199999999997,89372.800000000003,88432,88598.699999999997,17696.731,8862.0879999999997,True
2025-12-14 20:00:00+00:00,88598.699999999997,88779.100000000006,87504.300000000003,88118.800000000003,21395.682000000001,9692.4660000000003,True
2025-12-15 00:00:00+00:00,88118.800000000003,89972.399999999994,88025.300000000003,89239.899999999994,27815.116000000002,14136.196,True
2025-12-15 04:00:00+00:00,89240,89880,89229.5,89703,10941.101000000001,5486.7839999999997,True
2025-12-15 08:00:00+00:00,89702.899999999994,89940,89525,89606,11790.519,5523.451,True
2025-12-15 12:00:00+00:00,89606,89845,86563.600000000006,86996.600000000006,67384.379000000001,32100.623,True
2025-12-15 16:00:00+00:00,86996.5,87189.899999999994,85073,86104.199999999997,56199.332000000002,26865.312999999998,True
2025-12-15 20:00:00+00:00,86104.199999999997,86437.100000000006,85489.699999999997,86389.899999999994,20085.598000000002,10318.545,True
2025-12-16 00:00:00+00:00,86390,86478.600000000006,85340.100000000006,85837.699999999997,16787.315999999999,8008.5100000000002,True
2025-12-16 04:00:00+00:00,85837.600000000006,86577,85226,85964.800000000003,17300.472000000002,8280.8780000000006,True
2025-12-16 08:00:00+00:00,85964.899999999994,87299.699999999997,85874.600000000006,87216.600000000006,18856.618999999999,9459.0799999999999,True
2025-12-16 12:00:00+00:00,87216.600000000006,88143.899999999994,86055.899999999994,87936.300000000003,54188.457999999999,26829.831999999999,True
2025-12-16 16:00:00+00:00,87936.300000000003,88012.5,87015.800000000003,87538.699999999997,26033.481,13201.571,True
2025-12-16 20:00:00+00:00,87538.699999999997,87900,87297.899999999994,87826.300000000003,9058.7019999999993,4533.1890000000003,True
2025-12-17 00:00:00+00:00,87826.300000000003,87925.800000000003,87104.199999999997,87178.100000000006,11671.628000000001,5438.0879999999997,True
2025-12-17 04:00:00+00:00,87178.199999999997,87360.800000000003,86158.399999999994,87010.399999999994,22749.284,11343.187,True
2025-12-17 08:00:00+00:00,87010.399999999994,87100,86201,86939.300000000003,15486.489,8048.0900000000001,True
2025-12-17 12:00:00+00:00,86939.199999999997,90363.199999999997,86768.800000000003,87191.399999999994,86140.012000000002,43188.182999999997,True
2025-12-17 16:00:00+00:00,87191,87737.300000000003,85261.300000000003,85982.699999999997,55699.358,28269.538,True
2025-12-17 20:00:00+00:00,85982.699999999997,86421,85630,86201.600000000006,16899.976999999999,9404.3960000000006,True
2025-12-18 00:00:00+00:00,86201.600000000006,86836.199999999997,85820.600000000006,86575.100000000006,16118.556,8018.7790000000005,True
2025-12-18 04:00:00+00:00,86575.100000000006,86859.100000000006,86323.699999999997,86787.5,11560.136,5434.6980000000003,True
2025-12-18 08:00:00+00:00,86787.5,87417.600000000006,86640.5,87268.100000000006,14444.148999999999,7347.4160000000002,True
2025-12-18 12:00:00+00:00,87257,89447.899999999994,87068,88480.800000000003,75762.850999999995,38984.788,True
2025-12-18 16:00:00+00:00,88480.699999999997,88500,84429.899999999994,84447,83673.673999999999,40104.379999999997,True
2025-12-18 20:00:00+00:00,84447,85800,84408.600000000006,85469.699999999997,28014.312999999998,14837.941999999999,True
2025-12-19 00:00:00+00:00,85469.800000000003,87550,85062.699999999997,86863.100000000006,30604.063999999998,16116.616,True
2025-12-19 04:00:00+00:00,86863.199999999997,88366,86651.899999999994,87909.699999999997,28039.593000000001,13658.611000000001,True
2025-12-19 08:00:00+00:00,87909.699999999997,88345.100000000006,87700,88169.899999999994,16798.030999999999,8765.3870000000006,True
2025-12-19 12:00:00+00:00,88170,89374.600000000006,87488,87925.600000000006,51776.279999999999,26613.527999999998,True
2025-12-19 16:00:00+00:00,87925.600000000006,88888,86795.5,87812.800000000003,36941.972000000002,17803.243999999999,True
2025-12-19 20:00:00+00:00,87812.899999999994,88406.300000000003,87569.100000000006,88100,14124.554,7585.567,True
2025-12-20 00:00:00+00:00,88100,88294.800000000003,87926.699999999997,88165.300000000003,5637.357,2832.75,True
2025-12-20 04:00:00+00:00,88165.300000000003,88551.800000000003,88065.899999999994,88239.899999999994,6898.3310000000001,3498.9549999999999,True
2025-12-20 08:00:00+00:00,88240,88397.800000000003,88063.800000000003,88243.600000000006,4869.3850000000002,2567.48,True
2025-12-20 12:00:00+00:00,88243.600000000006,88320,87698.5,88134.600000000006,11529.379000000001,5487.7070000000003,True
2025-12-20 16:00:00+00:00,88134.5,88407.699999999997,88060,88196.300000000003,3919.2550000000001,2244.7510000000002,True
2025-12-20 20:00:00+00:00,88196.399999999994,88434.899999999994,88111.100000000006,88320.800000000003,3120.1410000000001,1628.6510000000001,True
2025-12-21 00:00:00+00:00,88320.699999999997,88400,87821.100000000006,88043.199999999997,7336.3230000000003,3338.8249999999998,True
2025-12-21 04:00:00+00:00,88043.300000000003,88174.5,88010,88138.699999999997,2659.0079999999998,1337.8510000000001,True
2025-12-21 08:00:00+00:00,88138.800000000003,89050,88103.300000000003,88570.600000000006,15426.009,8147.768,True
2025-12-21 12:00:00+00:00,88570.699999999997,88885.899999999994,87548.5,88024.699999999997,25733.455000000002,11566.199000000001,True
2025-12-21 16:00:00+00:00,88024.699999999997,88588,87902,88448.199999999997,10214.556,5058.6139999999996,True
2025-12-21 20:00:00+00:00,88448.300000000003,88786.899999999994,88047.399999999994,88621.300000000003,6255.0370000000003,3263.6109999999999,True
2025-12-22 00:00:00+00:00,88621.300000000003,89600,87845,88727.5,31996.805,16315.636,True
2025-12-22 04:00:00+00:00,88727.399999999994,89173.800000000003,88665.300000000003,89127.699999999997,9144.9089999999997,4585.0649999999996,True
2025-12-22 08:00:00+00:00,89127.800000000003,90085,89050.100000000006,89905.199999999997,25914.874,13729.615,True
2025-12-22 12:00:00+00:00,89905.199999999997,90599,89109.100000000006,89688.5,43053.447,21216.133000000002,True
2025-12-22 16:00:00+00:00,89688.600000000006,90088,87906.699999999997,88011.100000000006,26150.733,12335.549000000001,True
2025-12-22 20:00:00+00:00,88011,88805.899999999994,87872.600000000006,88581.5,18432.701000000001,9716.366,True
2025-12-23 00:00:00+00:00,88581.5,88904.899999999994,87738.300000000003,88128.199999999997,16525.238000000001,8031.7049999999999,True
2025-12-23 04:00:00+00:00,88128.199999999997,88342,86976.600000000006,87531.300000000003,23180.432000000001,10225.839,True
2025-12-23 08:00:00+00:00,87531.300000000003,87852,87256.300000000003,87813.899999999994,12098.9,6084.8410000000003,True
2025-12-23 12:00:00+00:00,87813.800000000003,87914,86536,87405.300000000003,34384.868000000002,15910.148999999999,True
2025-12-23 16:00:00+00:00,87405.199999999997,88247.800000000003,87121.399999999994,87724.199999999997,32501.327000000001,16570.375,True
2025-12-23 20:00:00+00:00,87724.199999999997,88349.199999999997,87145,87463,14967.183000000001,8029.7079999999996,True
2025-12-24 00:00:00+00:00,87463.100000000006,87849.899999999994,86817.899999999994,87311.399999999994,15341.835999999999,7775.5680000000002,True
2025-12-24 04:00:00+00:00,87311.399999999994,87430,86738.800000000003,86868.100000000006,11302.397999999999,5373.4040000000005,True
2025-12-24 08:00:00+00:00,86868.100000000006,87316.699999999997,86671.699999999997,87162.600000000006,10537.249,5625.9939999999997,True
2025-12-24 12:00:00+00:00,87162.600000000006,87450,86355,87012,23298.985000000001,11264.165999999999,True
2025-12-24 16:00:00+00:00,87012,87660,86878.300000000003,87521.399999999994,13327.505999999999,6918.6350000000002,True
2025-12-24 20:00:00+00:00,87521.399999999994,88033.300000000003,87484.600000000006,87627.300000000003,7735.5339999999997,3850.1999999999998,True
2025-12-25 00:00:00+00:00,87627.399999999994,87933.5,87466.899999999994,87811.600000000006,5633.5240000000003,2805.8699999999999,True
2025-12-25 04:00:00+00:00,87811.600000000006,87830,87617.100000000006,87795.899999999994,3874.3870000000002,1545.2940000000001,True
2025-12-25 08:00:00+00:00,87795.899999999994,87858.800000000003,87219,87485.199999999997,8305.2909999999993,3832.9400000000001,True
2025-12-25 12:00:00+00:00,87485.199999999997,88594,87360.699999999997,88338.899999999994,15360.367,8392.6419999999998,True
2025-12-25 16:00:00+00:00,88339,88451.600000000006,87947.800000000003,88112.300000000003,9470.1560000000009,4437.7709999999997,True
2025-12-25 20:00:00+00:00,88112.300000000003,88139.199999999997,86902.100000000006,87182.800000000003,15152.527,6812.6130000000003,True
2025-12-26 00:00:00+00:00,87182.800000000003,89432,86824.800000000003,88796.199999999997,38115.137000000002,19339.709999999999,True
2025-12-26 04:00:00+00:00,88796.199999999997,89557.600000000006,88300.5,88433,21937.337,10891.508,True
2025-12-26 08:00:00+00:00,88433,88888,88380,88507.5,11419.103999999999,6251.3900000000003,True
2025-12-26 12:00:00+00:00,88507.600000000006,89037,86619.899999999994,87100,51437.502,27011.263999999999,True
2025-12-26 16:00:00+00:00,87100,87555,86760.399999999994,87453.699999999997,19187.706999999999,9409.1820000000007,True
2025-12-26 20:00:00+00:00,87453.699999999997,87750,87266.600000000006,87318.199999999997,7874.9499999999998,3288.8870000000002,True
2025-12-27 00:00:00+00:00,87318.300000000003,87493.399999999994,87203,87473.399999999994,4564.4359999999997,2176.9679999999998,True
2025-12-27 04:00:00+00:00,87473.399999999994,87669.699999999997,87374.5,87490.899999999994,3525.4749999999999,1664.421,True
2025-12-27 08:00:00+00:00,87490.899999999994,87634.899999999994,87324.600000000006,87433.600000000006,5166.2120000000004,2406.2449999999999,True
2025-12-27 12:00:00+00:00,87433.600000000006,87555,87264.800000000003,87516.199999999997,4515.0479999999998,2275.422,True
2025-12-27 16:00:00+00:00,87516.300000000003,87545.600000000006,87397.5,87522.399999999994,2442.7579999999998,1109.9290000000001,True
2025-12-27 20:00:00+00:00,87522.300000000003,87956.899999999994,87455.5,87829.399999999994,7080.1800000000003,3913.98,True
2025-12-28 00:00:00+00:00,87829.5,87921.699999999997,87674.399999999994,87693,4818.2730000000001,2239.991,True
2025-12-28 04:00:00+00:00,87693.100000000006,87802.5,87566,87697.699999999997,3595.942,1763.972,True
2025-12-28 08:00:00+00:00,87697.699999999997,87980.899999999994,87676.399999999994,87850.800000000003,5882.8109999999997,3186.4360000000001,True
2025-12-28 12:00:00+00:00,87850.899999999994,88078.300000000003,87762.199999999997,87797.699999999997,6369.2120000000004,3346.9789999999998,True
2025-12-28 16:00:00+00:00,87797.600000000006,87902.699999999997,87448.399999999994,87488.600000000006,9230.7019999999993,4597.0820000000003,True
2025-12-28 20:00:00+00:00,87488.699999999997,88023.399999999994,87402.600000000006,87920.5,7463.0240000000003,4094.7060000000001,True
2025-12-29 00:00:00+00:00,87920.399999999994,90156.5,87778.5,90091.600000000006,45213.489000000001,23512.289000000001,True
2025-12-29 04:00:00+00:00,90091.5,90373.399999999994,89448.100000000006,89583,25464.187000000002,11315.002,True
2025-12-29 08:00:00+00:00,89583,89791.5,87520.100000000006,87529,45300.356,23544.358,True
2025-12-29 12:00:00+00:00,87529.100000000006,88150,86760,87636.600000000006,49719.631000000001,24935.058000000001,True
2025-12-29 16:00:00+00:00,87636.399999999994,87968.100000000006,87259.600000000006,87328.899999999994,15239.929,7347.9979999999996,True
2025-12-29 20:00:00+00:00,87328.899999999994,87569.199999999997,87043.399999999994,87203.300000000003,9066.6170000000002,4628.4690000000001,True
2025-12-30 00:00:00+00:00,87203.199999999997,87393.100000000006,86789,87334.699999999997,13438.983,6473.8879999999999,True
2025-12-30 04:00:00+00:00,87334.699999999997,87581.399999999994,87105.600000000006,87457.5,8171.0889999999999,4124.9129999999996,True
2025-12-30 08:00:00+00:00,87457.5,88190.600000000006,87455.5,87875.199999999997,23327.302,11193.593000000001,True
2025-12-30 12:00:00+00:00,87875.300000000003,89126,87788.199999999997,88966.800000000003,38901.923000000003,19716.48,True
2025-12-30 16:00:00+00:00,88966.800000000003,89355,87910.399999999994,88189.699999999997,32511.330999999998,15779.227999999999,True
2025-12-30 20:00:00+00:00,88189.800000000003,88533,87833.199999999997,88455.300000000003,10394.632,5565.4250000000002,True
2025-12-31 00:00:00+00:00,88455.199999999997,88780,88134.899999999994,88411.5,11679.227999999999,5755.7420000000002,True
2025-12-31 04:00:00+00:00,88411.600000000006,88596,88280.100000000006,88569,6284.482,3274.1399999999999,True
2025-12-31 08:00:00+00:00,88568.899999999994,89000,88339.899999999994,88967.600000000006,12440.16,6314.4939999999997,True
2025-12-31 12:00:00+00:00,88967.600000000006,89192.800000000003,87729.199999999997,87909,31536.84,15019.976000000001,True
2025-12-31 16:00:00+00:00,87909,88024.300000000003,87350.5,87515,24053.974999999999,12900.053,True
2025-12-31 20:00:00+00:00,87515,87849.699999999997,87189.199999999997,87608.199999999997,10773.672,5217.6300000000001,True
2026-01-01 00:00:00+00:00,87608.300000000003,88065,87600,87824.600000000006,7102.5500000000002,3658.29,True
2026-01-01 04:00:00+00:00,87824.600000000006,87831.600000000006,87508.399999999994,87603.699999999997,5685.3050000000003,2747.1030000000001,True
2026-01-01 08:00:00+00:00,87603.699999999997,87985.600000000006,87590,87980.100000000006,6046.6679999999997,3556.1410000000001,True
2026-01-01 12:00:00+00:00,87980.100000000006,88079.300000000003,87758.399999999994,87986.800000000003,8130.085,3884.8670000000002,True
2026-01-01 16:00:00+00:00,87986.800000000003,88475.800000000003,87833.100000000006,88354.800000000003,11314.032999999999,5804.1210000000001,True
2026-01-01 20:00:00+00:00,88354.800000000003,88881.399999999994,88193.199999999997,88800,9662.6620000000003,4658.9160000000002,True
2026-01-02 00:00:00+00:00,88800,89088,88324.399999999994,88899.300000000003,19809.197,9598.018,True
2026-01-02 04:00:00+00:00,88899.300000000003,89055,88533.600000000006,88829.300000000003,12241.300999999999,5349.9650000000001,True
2026-01-02 08:00:00+00:00,88829.300000000003,89900,88780,89458.300000000003,27887.348999999998,13800.835999999999,True
2026-01-02 12:00:00+00:00,89458.300000000003,90126.5,88401.199999999997,89373.100000000006,50647.142,25466.286,True
2026-01-02 16:00:00+00:00,89373,90945.100000000006,89145.199999999997,89865,53631.695,26732.689999999999,True
2026-01-02 20:00:00+00:00,89865,90368.699999999997,89588,89951.399999999994,12445.763999999999,7109.0749999999998,True
2026-01-03 00:00:00+00:00,89951.5,90365.899999999994,89914.5,90279.899999999994,6484.1850000000004,3460.1700000000001,True
2026-01-03 04:00:00+00:00,90280,90456,89261.199999999997,89535.899999999994,14358.15,6360.9589999999998,True
2026-01-03 08:00:00+00:00,89535.899999999994,89943.899999999994,89380.199999999997,89706.399999999994,9668.7170000000006,5275.6329999999998,True
2026-01-03 12:00:00+00:00,89706.399999999994,90200,89620,89931.800000000003,10078.954,5513.7690000000002,True
2026-01-03 16:00:00+00:00,89931.699999999997,90189,89866.5,90091.800000000003,4811.5699999999997,2396.5900000000001,True
2026-01-03 20:00:00+00:00,90091.800000000003,90716.899999999994,89972.899999999994,90595.800000000003,11489.692999999999,6008.643,True
2026-01-04 00:00:00+00:00,90595.800000000003,91597.600000000006,90595.699999999997,91192.699999999997,21036.473999999998,11182.25,True
2026-01-04 04:00:00+00:00,91192.699999999997,91779.699999999997,91142.300000000003,91477.5,13544.574000000001,6910.8149999999996,True
2026-01-04 08:00:00+00:00,91477.5,91581.699999999997,91111.899999999994,91262.699999999997,11954.424000000001,5568.4650000000001,True
2026-01-04 12:00:00+00:00,91262.800000000003,91377.199999999997,90968,91292.800000000003,10317.597,5322.6210000000001,True
2026-01-04 16:00:00+00:00,91292.800000000003,91429.399999999994,90790.100000000006,91102.899999999994,9385.3310000000001,4399.4049999999997,True
2026-01-04 20:00:00+00:00,91102.899999999994,91567,91085.100000000006,91497.100000000006,7534.6289999999999,4018.721,True
2026-01-05 00:00:00+00:00,91497.199999999997,93382.5,91476.5,92835.199999999997,51047.502999999997,28014.615000000002,True
2026-01-05 04:00:00+00:00,92835.300000000003,92920,92102,92492.100000000006,20234.161,8654.3610000000008,True
2026-01-05 08:00:00+00:00,92492.100000000006,93131.800000000003,92292,93093.300000000003,20213.742999999999,11071.049000000001,True
2026-01-05 12:00:00+00:00,93093.300000000003,93998.899999999994,92370.899999999994,93899.899999999994,43133.116999999998,21450.733,True
2026-01-05 16:00:00+00:00,93900,94475.699999999997,93201,94248.600000000006,35514.603999999999,17910.039000000001,True
2026-01-05 20:00:00+00:00,94248.600000000006,94760.300000000003,93757.899999999994,93822.399999999994,19273.184000000001,9958.6679999999997,True
2026-01-06 00:00:00+00:00,93822.300000000003,94125.100000000006,93467.100000000006,93725.800000000003,13154.652,7005.0879999999997,True
2026-01-06 04:00:00+00:00,93725.699999999997,93966.399999999994,93088,93207.399999999994,16653.016,7821.9530000000004,True
2026-01-06 08:00:00+00:00,93207.399999999994,93865.5,93130.399999999994,93799.899999999994,13061.434999999999,6894.6719999999996,True
2026-01-06 12:00:00+00:00,93800,94415.399999999994,93292,93608.199999999997,42110.368000000002,21804.397000000001,True
2026-01-06 16:00:00+00:00,93608.199999999997,93728.899999999994,91209,92062.199999999997,69722.544999999998,34054.529999999999,True
2026-01-06 20:00:00+00:00,92062.199999999997,93825,92062.199999999997,93708,32741.034,16651.585999999999,True
2026-01-07 00:00:00+00:00,93708.100000000006,93708.100000000006,92202.899999999994,92778.199999999997,23633.179,11400.639999999999,True
2026-01-07 04:00:00+00:00,92778.100000000006,92893,92457.899999999994,92848.100000000006,9331.5139999999992,4389.259,True
2026-01-07 08:00:00+00:00,92848.100000000006,92928,91549.899999999994,92041.899999999994,31461.262999999999,14296.700000000001,True
2026-01-07 12:00:00+00:00,92041.800000000003,92249.300000000003,90987,91303.100000000006,39915.387999999999,19398.876,True
2026-01-07 16:00:00+00:00,91303.199999999997,91750,90634.100000000006,91143.600000000006,28364.998,14188.51,True
2026-01-07 20:00:00+00:00,91143.600000000006,91462.100000000006,90740.5,91328,16280.508,9625.7289999999994,True
2026-01-08 00:00:00+00:00,91328.100000000006,91666,90555.100000000006,90780.100000000006,15801.589,8143.2550000000001,True
2026-01-08 04:00:00+00:00,90780,91157.600000000006,89588.100000000006,90509.899999999994,33939.860999999997,16016.165999999999,True
2026-01-08 08:00:00+00:00,90509.800000000003,90741.199999999997,89733.600000000006,90192.300000000003,26745.977999999999,13897.416999999999,True
2026-01-08 12:00:00+00:00,90192.199999999997,90790,89242,90730,49177.480000000003,25941.934000000001,True
2026-01-08 16:00:00+00:00,90730,91425.100000000006,90244.699999999997,90890.899999999994,28633.856,13322.543,True
2026-01-08 20:00:00+00:00,90890.899999999994,91449.899999999994,90519.899999999994,91059.800000000003,14177.18,7113.7110000000002,True
2026-01-09 00:00:00+00:00,91059.800000000003,91600,90800.600000000006,91190.100000000006,13112.406000000001,6857.4059999999999,True
2026-01-09 04:00:00+00:00,91190.100000000006,91203,90704,90712.100000000006,7718.5169999999998,3493.788,True
2026-01-09 08:00:00+00:00,90712.100000000006,90812,89632.800000000003,90398.100000000006,29857.973000000002,13949.544,True
2026-01-09 12:00:00+00:00,90398.100000000006,91999,89800,91137.699999999997,50210.137999999999,25254.923999999999,True
2026-01-09 16:00:00+00:00,91137.800000000003,91749.899999999994,90145,90290.600000000006,30045.679,15100.803,True
2026-01-09 20:00:00+00:00,90290.600000000006,90693,90082.600000000006,90603.600000000006,9449.9639999999999,5332.5360000000001,True
2026-01-10 00:00:00+00:00,90603.699999999997,90748.600000000006,90474.399999999994,90591.300000000003,4296.0280000000002,2044.394,True
2026-01-10 04:00:00+00:00,90591.300000000003,90650.399999999994,90351.600000000006,90627.100000000006,3897.2750000000001,1851.8330000000001,True
2026-01-10 08:00:00+00:00,90627.100000000006,90800,90570,90692.800000000003,5112.2550000000001,2504.8139999999999,True
2026-01-10 12:00:00+00:00,90692.899999999994,90758.699999999997,90494,90622.699999999997,4673.0460000000003,2163.29,True
2026-01-10 16:00:00+00:00,90622.800000000003,90708,90450,90591.399999999994,3632.768,1623.6500000000001,True
2026-01-10 20:00:00+00:00,90591.300000000003,90627.600000000006,90358.5,90469.600000000006,3659.3690000000001,1832.5550000000001,True
2026-01-11 00:00:00+00:00,90469.699999999997,90699.899999999994,90410.600000000006,90696.5,3298.7379999999998,1748.7950000000001,True
2026-01-11 04:00:00+00:00,90696.399999999994,90818,90530.899999999994,90664,3375.4659999999999,1509.3789999999999,True
2026-01-11 08:00:00+00:00,90663.899999999994,90787.800000000003,90555,90707.300000000003,4860.9610000000002,2244.8330000000001,True
2026-01-11 12:00:00+00:00,90707.199999999997,91143.100000000006,90650,90834.100000000006,11189.115,5376.2960000000003,True
2026-01-11 16:00:00+00:00,90834,91252.5,90609.5,90644.699999999997,7657.326,3944.7370000000001,True
2026-01-11 20:00:00+00:00,90644.699999999997,91000,90175.300000000003,90964.399999999994,13162.776,6469.3249999999998,True
2026-01-12 00:00:00+00:00,90964.399999999994,92488,90642,91766.199999999997,34613.114999999998,16894.513999999999,True
2026-01-12 04:00:00+00:00,91766.199999999997,92245.100000000006,91342,91369.199999999997,14891.692999999999,6920.0990000000002,True
2026-01-12 08:00:00+00:00,91369.199999999997,91586.5,90319.399999999994,90573.899999999994,30364.738000000001,15668.562,True
2026-01-12 12:00:00+00:00,90573.899999999994,91637.800000000003,90066,91618.699999999997,33382.595999999998,16169.852000000001,True
2026-01-12 16:00:00+00:00,91618.600000000006,92299,90966,91821.899999999994,43461.406999999999,20720.498,True
2026-01-12 20:00:00+00:00,91821.899999999994,92017,90870,91252.600000000006,12523.834000000001,6538.5789999999997,True
2026-01-13 00:00:00+00:00,91252.5,91524.5,91011,91380.899999999994,11584.552,6514.1270000000004,True
2026-01-13 04:00:00+00:00,91380.899999999994,92258,91316.300000000003,91908,20473.116000000002,10191.287,True
2026-01-13 08:00:00+00:00,91908,92676.600000000006,91850.600000000006,91962.100000000006,23092.117999999999,11473.947,True
2026-01-13 12:00:00+00:00,91962.100000000006,93408,91700.600000000006,93407.899999999994,48588.203999999998,24572.107,True
2026-01-13 16:00:00+00:00,93407.899999999994,94189,93009.800000000003,94179.5,39149.646000000001,20146.77,True
2026-01-13 20:00:00+00:00,94179.600000000006,96863.699999999997,94011.699999999997,95375.199999999997,57658.281999999999,32797.197,True
2026-01-14 00:00:00+00:00,95375.199999999997,95670,95082,95665.699999999997,16464.491000000002,8453.9809999999998,True
2026-01-14 04:00:00+00:00,95665.600000000006,95755,94413.399999999994,95166.600000000006,23449.918000000001,10957.447,True
2026-01-14 08:00:00+00:00,95166.600000000006,95288,94700,94763.600000000006,14291.289000000001,6968.2120000000004,True
2026-01-14 12:00:00+00:00,94763.699999999997,97100,94643,96691.899999999994,56131.328999999998,29193.278999999999,True
2026-01-14 16:00:00+00:00,96691.899999999994,97733.899999999994,96180,97221.800000000003,52868.159,27482.776000000002,True
2026-01-14 20:00:00+00:00,97221.800000000003,97932.100000000006,96666.600000000006,96907.899999999994,18838.305,9230.3600000000006,True
2026-01-15 00:00:00+00:00,96908,96960.899999999994,95733.100000000006,95943.100000000006,19713.874,9799.9840000000004,True
2026-01-15 04:00:00+00:00,95943.100000000006,96744.199999999997,95909.100000000006,96601.199999999997,17931.66,9169.8989999999994,True
2026-01-15 08:00:00+00:00,96601.199999999997,97155,96243.800000000003,96548.899999999994,15485.898999999999,7557.8029999999999,True
2026-01-15 12:00:00+00:00,96548.899999999994,97100,95403.699999999997,96717.300000000003,45603.131999999998,24087.742999999999,True
2026-01-15 16:00:00+00:00,96717.300000000003,97047.600000000006,95080,95469.199999999997,37698.440999999999,18629.298999999999,True
2026-01-15 20:00:00+00:00,95469.199999999997,95837.800000000003,95089,95567.300000000003,12771.735000000001,6730.0900000000001,True
2026-01-16 00:00:00+00:00,95567.399999999994,95825,95279.800000000003,95319.600000000006,9561.4699999999993,4503.7299999999996,True
2026-01-16 04:00:00+00:00,95319.600000000006,95790,95111.100000000006,95608.399999999994,14107.35,6735.6599999999999,True
2026-01-16 08:00:00+00:00,95608.399999999994,95805,95210.5,95382.600000000006,9683.4419999999991,4629.3770000000004,True
2026-01-16 12:00:00+00:00,95382.5,95763,94234.5,94537.5,37520.559999999998,16864.254000000001,True
2026-01-16 16:00:00+00:00,94537.600000000006,95191.800000000003,94454.5,94961,17146.236000000001,8522.723,True
2026-01-16 20:00:00+00:00,94961,95550,94630,95503.699999999997,13199.031000000001,7083.9009999999998,True
2026-01-17 00:00:00+00:00,95503.800000000003,95536.899999999994,95136.199999999997,95324,5524.5050000000001,2441.7020000000002,True
2026-01-17 04:00:00+00:00,95324.100000000006,95346.100000000006,94999.899999999994,95061.100000000006,4766.7759999999998,2208.0709999999999,True
2026-01-17 08:00:00+00:00,95061.100000000006,95287.100000000006,94977.5,95283.899999999994,4032.1619999999998,2262.4810000000002,True
2026-01-17 12:00:00+00:00,95283.800000000003,95621.899999999994,95152.100000000006,95529,11191.027,5926.8019999999997,True
2026-01-17 16:00:00+00:00,95529,95529,95165.5,95258.300000000003,7792.8509999999997,3735.9110000000001,True
2026-01-17 20:00:00+00:00,95258.300000000003,95373.199999999997,95000,95107.899999999994,5661.9120000000003,2323.7359999999999,True
2026-01-18 00:00:00+00:00,95107.899999999994,95200.899999999994,94819.5,95155,6600.3689999999997,3351.5450000000001,True
2026-01-18 04:00:00+00:00,95155,95236.5,94980,94989.899999999994,4813.4359999999997,2883.1819999999998,True
2026-01-18 08:00:00+00:00,94989.899999999994,95257.399999999994,94980,95133.399999999994,5147.4279999999999,2790.8890000000001,True
2026-01-18 12:00:00+00:00,95133.300000000003,95326.399999999994,94850.399999999994,95067.800000000003,12660.949000000001,6140.6959999999999,True
2026-01-18 16:00:00+00:00,95067.699999999997,95485.899999999994,95024.600000000006,95335.600000000006,7763.4759999999997,3973.8420000000001,True
2026-01-18 20:00:00+00:00,95335.600000000006,95490,93550.300000000003,93614,25594.735000000001,11409.003000000001,True
2026-01-19 00:00:00+00:00,93614,93614.100000000006,91800,92656.600000000006,49990.262999999999,25166.177,True
2026-01-19 04:00:00+00:00,92656.699999999997,92810,92344.5,92787.899999999994,11351.718000000001,5680.0010000000002,True
2026-01-19 08:00:00+00:00,92787.800000000003,93312.800000000003,92635,93136.699999999997,13800.415000000001,6927.8850000000002,True
2026-01-19 12:00:00+00:00,93136.800000000003,93188,92660,93013.5,11142.096,5473.6700000000001,True
2026-01-19 16:00:00+00:00,93013.399999999994,93379,92888,93066.199999999997,8569.393,4250.1450000000004,True
2026-01-19 20:00:00+00:00,93066.199999999997,93312.100000000006,92116,92589.600000000006,13383.171,6271.0150000000003,True
2026-01-20 00:00:00+00:00,92589.600000000006,92845,92200,92397,13853.313,6970.7219999999998,True
2026-01-20 04:00:00+00:00,92396.899999999994,92440.100000000006,90723.300000000003,91136.100000000006,40101.084000000003,18028.978999999999,True
2026-01-20 08:00:00+00:00,91136.100000000006,91415.100000000006,90622.199999999997,91185.800000000003,17642.089,8893.2639999999992,True
2026-01-20 12:00:00+00:00,91185.800000000003,91344.800000000003,89819,90644.199999999997,49534.190000000002,23843.948,True
2026-01-20 16:00:00+00:00,90644.300000000003,90944.5,89250.199999999997,89694.100000000006,34730.521999999997,17038.215,True
2026-01-20 20:00:00+00:00,89694.100000000006,89824,87787.199999999997,88390.600000000006,32215.002,14359.227000000001,True
2026-01-21 00:00:00+00:00,88390.699999999997,89568.5,88218.199999999997,89396,18898.317999999999,10413.651,True
2026-01-21 04:00:00+00:00,89395.899999999994,90088,89045,89171.300000000003,19315.661,9634.4480000000003,True
2026-01-21 08:00:00+00:00,89171.300000000003,89449,88614.100000000006,88757.100000000006,13506.472,5956.4350000000004,True
2026-01-21 12:00:00+00:00,88757,90599.5,88109.699999999997,90237.100000000006,54268.387000000002,27182.166000000001,True
2026-01-21 16:00:00+00:00,90237.199999999997,90427.600000000006,87205.5,90321.899999999994,76317.133000000002,37013.144,True
2026-01-21 20:00:00+00:00,90321.899999999994,90349,89317.899999999994,89411.399999999994,25776.644,12346.455,True
2026-01-22 00:00:00+00:00,89411.399999999994,90327.699999999997,89411.300000000003,89857,13517.244000000001,7175.4859999999999,True
2026-01-22 04:00:00+00:00,89856.899999999994,90170.100000000006,89750,89772.600000000006,8495.6659999999993,4109.7460000000001,True
2026-01-22 08:00:00+00:00,89772.600000000006,90123,89701.899999999994,89909.600000000006,9239.6769999999997,4406.0299999999997,True
2026-01-22 12:00:00+00:00,89909.699999999997,90309.5,88465.600000000006,88953.600000000006,42054.955999999998,21049.844000000001,True
2026-01-22 16:00:00+00:00,88953.699999999997,89882.100000000006,88630.199999999997,89732.899999999994,22922.653999999999,11119.403,True
2026-01-22 20:00:00+00:00,89732.800000000003,89908.5,89095.5,89518.5,9684.0239999999994,4622.098,True
2026-01-23 00:00:00+00:00,89518.399999999994,89948.899999999994,89400,89886.100000000006,7103.3100000000004,3438.8850000000002,True
2026-01-23 04:00:00+00:00,89886.199999999997,90050,89358,89497.199999999997,10350.648999999999,4996.0879999999997,True
2026-01-23 08:00:00+00:00,89497.300000000003,89590.899999999994,88823.300000000003,89171.199999999997,14039.111999999999,7160.8559999999998,True
2026-01-23 12:00:00+00:00,89171.300000000003,89847.199999999997,88530,89711.199999999997,27156.810000000001,13683.471,True
2026-01-23 16:00:00+00:00,89711.199999999997,91195,89438,89938.300000000003,53329.737999999998,26129.183000000001,True
2026-01-23 20:00:00+00:00,89938.300000000003,90124.100000000006,89163.600000000006,89558.699999999997,12846.231,6371.4120000000003,True
2026-01-24 00:00:00+00:00,89558.699999999997,89893.899999999994,89383.5,89738.399999999994,5898.549,3465.6129999999998,True
2026-01-24 04:00:00+00:00,89738.399999999994,89820.100000000006,89530.600000000006,89581.199999999997,4004.2449999999999,1965.712,True
2026-01-24 08:00:00+00:00,89581.300000000003,89659.199999999997,89539.5,89548.5,3259.8330000000001,1739.403,True
2026-01-24 12:00:00+00:00,89548.5,89554.899999999994,89131.199999999997,89235,8263.0390000000007,3584.9459999999999,True
2026-01-24 16:00:00+00:00,89234.899999999994,89425.199999999997,89116.899999999994,89286,6341.1090000000004,2885.498,True
2026-01-24 20:00:00+00:00,89286.100000000006,89444.399999999994,89155,89180.699999999997,2969.1619999999998,1335.346,True
2026-01-25 00:00:00+00:00,89180.699999999997,89281.600000000006,88800,88920,5837.2060000000001,2513.9029999999998,True
2026-01-25 04:00:00+00:00,88920,89057.800000000003,88600,88630.300000000003,6941.9229999999998,3543.5859999999998,True
2026-01-25 08:00:00+00:00,88630.300000000003,88727.199999999997,88084,88531,12171.295,6106.3559999999998,True
2026-01-25 12:00:00+00:00,88530.899999999994,88947.100000000006,88306.600000000006,88406,12877.754000000001,6052.1660000000002,True
2026-01-25 16:00:00+00:00,88406,88410,86100,86459.399999999994,55909.370000000003,24921.092000000001,True
2026-01-25 20:00:00+00:00,86459.399999999994,86966.399999999994,86021.699999999997,86628.899999999994,31141.814999999999,16253.718000000001,True
2026-01-26 00:00:00+00:00,86628.899999999994,87922,86463.199999999997,87233.100000000006,28640.303,13229.659,True
2026-01-26 04:00:00+00:00,87233.100000000006,88059.600000000006,87188.300000000003,87968.899999999994,13632.75,6667.915,True
2026-01-26 08:00:00+00:00,87969,88367.5,87556.899999999994,87810,12963.85,6706.6559999999999,True
2026-01-26 12:00:00+00:00,87810.100000000006,88834.100000000006,87278.5,87609.5,37919.781999999999,19104.505000000001,True
2026-01-26 16:00:00+00:00,87609.399999999994,88496.399999999994,86960,87965.600000000006,28639.511999999999,14359.412,True
2026-01-26 20:00:00+00:00,87965.5,88637.399999999994,87506.800000000003,88300.600000000006,12813.294,6398.6000000000004,True
2026-01-27 00:00:00+00:00,88300.600000000006,88880.600000000006,88157.399999999994,88744.600000000006,12771.371999999999,6294.0500000000002,True
2026-01-27 04:00:00+00:00,88744.699999999997,88983.300000000003,88239.899999999994,88287.899999999994,8861.3680000000004,3987.3699999999999,True
2026-01-27 08:00:00+00:00,88288,88365.600000000006,87707.100000000006,87947.5,10960.454,5558.9229999999998,True
2026-01-27 12:00:00+00:00,87947.399999999994,88418.800000000003,87530,88000.100000000006,21717.911,11551.641,True
2026-01-27 16:00:00+00:00,88000.100000000006,88836.300000000003,87265.399999999994,88378.100000000006,38341.682999999997,19740.692999999999,True
2026-01-27 20:00:00+00:00,88378.100000000006,89499,88335.600000000006,89197.800000000003,25273.326000000001,12584.061,True
2026-01-28 00:00:00+00:00,89197.800000000003,89454.600000000006,88932.600000000006,89079.800000000003,10026.192999999999,4372.5230000000001,True
2026-01-28 04:00:00+00:00,89079.800000000003,89366,88786,89106.800000000003,9710.8070000000007,4583.915,True
2026-01-28 08:00:00+00:00,89106.800000000003,90122,88831.899999999994,90036.899999999994,19303.903999999999,10655.134,True
2026-01-28 12:00:00+00:00,90036.899999999994,90444.399999999994,88852.199999999997,89444.399999999994,38056.703000000001,18912.639999999999,True
2026-01-28 16:00:00+00:00,89444.5,90592.699999999997,88974,89363.600000000006,32992.133999999998,16400.382000000001,True
2026-01-28 20:00:00+00:00,89363.5,89880.100000000006,88829,89261.699999999997,13795.118,6812.8459999999995,True
2026-01-29 00:00:00+00:00,89261.699999999997,89316.800000000003,87650.100000000006,88003.199999999997,26173.955999999998,12338.754000000001,True
2026-01-29 04:00:00+00:00,88003.199999999997,88394.199999999997,87863,88310.899999999994,9421.2939999999999,4999.4139999999998,True
2026-01-29 08:00:00+00:00,88310.899999999994,88461.199999999997,87711,87795.199999999997,16008.75,8032.0919999999996,True
2026-01-29 12:00:00+00:00,87795.100000000006,88133.199999999997,84335.399999999994,84898,74469.514999999999,33297.171999999999,True
2026-01-29 16:00:00+00:00,84897.899999999994,85596.100000000006,83338.300000000003,83979.399999999994,83125.553,39978.982000000004,True
2026-01-29 20:00:00+00:00,83979.5,84699.899999999994,83785.600000000006,84604.699999999997,17562.523000000001,8954.1830000000009,True
2026-01-30 00:00:00+00:00,84604.699999999997,84697.199999999997,81000,82640.899999999994,76402.239000000001,35163.356,True
2026-01-30 04:00:00+00:00,82640.899999999994,83300,82021.100000000006,82770.100000000006,33705.928999999996,17743.594000000001,True
2026-01-30 08:00:00+00:00,82770.100000000006,83280.600000000006,82108.399999999994,83104.800000000003,24459.859,11959.674999999999,True
2026-01-30 12:00:00+00:00,83104.699999999997,83779.199999999997,82328.600000000006,82850.199999999997,42061.199999999997,20731.657999999999,True
2026-01-30 16:00:00+00:00,82850.100000000006,84599,81832,84200,52992.027999999998,26194.470000000001,True
2026-01-30 20:00:00+00:00,84199.899999999994,84487.699999999997,83501,84211.399999999994,25173.260999999999,13763.648999999999,True
2026-01-31 00:00:00+00:00,84211.399999999994,84239.5,83775.5,83987.5,9341.0509999999995,4321.598,True
2026-01-31 04:00:00+00:00,83987.5,84110,83368,83514.399999999994,10028.444,4516.3469999999998,True
2026-01-31 08:00:00+00:00,83514.300000000003,83598,82530.199999999997,82983.199999999997,23221.920999999998,10871.741,True
2026-01-31 12:00:00+00:00,82983.199999999997,83115.300000000003,80754.300000000003,81268.600000000006,51733.360000000001,25081.512999999999,True
2026-01-31 16:00:00+00:00,81268.600000000006,82200,75500,77707.899999999994,140211.47700000001,60660.375999999997,True
2026-01-31 20:00:00+00:00,77707.899999999994,79200,77037.800000000003,78706.800000000003,37012.258000000002,20225.561000000002,True
2026-02-01 00:00:00+00:00,78706.699999999997,79396.800000000003,78245.699999999997,78826.300000000003,19245.975999999999,9945.902,True
2026-02-01 04:00:00+00:00,78826.300000000003,79094.899999999994,77899.899999999994,78320.800000000003,18661.217000000001,8473.0020000000004,True
2026-02-01 08:00:00+00:00,78320.800000000003,79194,78099.800000000003,78712.100000000006,18582.650000000001,9346.0830000000005,True
2026-02-01 12:00:00+00:00,78712.100000000006,78732,76752.5,77563.800000000003,45953.014999999999,22023.591,True
2026-02-01 16:00:00+00:00,77563.800000000003,78421.600000000006,76950.899999999994,77142.399999999994,29864.883999999998,14588.138000000001,True
2026-02-01 20:00:00+00:00,77142.399999999994,77753.600000000006,75644,76931.5,54676.338000000003,25134.25,True
2026-02-02 00:00:00+00:00,76931.600000000006,78111,74555,76256.199999999997,70032.517999999996,33257.252999999997,True
2026-02-02 04:00:00+00:00,76256.199999999997,76930,74853,76612.600000000006,56149.260999999999,28277.598999999998,True
2026-02-02 08:00:00+00:00,76612.600000000006,77937.699999999997,76576.699999999997,77716.100000000006,30912.994999999999,16620.792000000001,True
2026-02-02 12:00:00+00:00,77716,79311,77515.600000000006,78800.600000000006,58953.879999999997,29999.966,True
2026-02-02 16:00:00+00:00,78800.5,79248,78234.899999999994,78299.199999999997,27195.435000000001,13412.959999999999,True
2026-02-02 20:00:00+00:00,78299.100000000006,78935.899999999994,77843.199999999997,78692.5,16402.325000000001,8659.3799999999992,True
2026-02-03 00:00:00+00:00,78692.5,79163,77566.5,78710.699999999997,24856.119999999999,11946.441000000001,True
2026-02-03 04:00:00+00:00,78710.699999999997,78967.899999999994,77900.100000000006,78749.899999999994,19860.496999999999,9709.0339999999997,True
2026-02-03 08:00:00+00:00,78750,79049,77900,78040.100000000006,23203.397000000001,11397.248,True
2026-02-03 12:00:00+00:00,78040.100000000006,78425.800000000003,77000.5,78094.100000000006,51447.122000000003,25066.692999999999,True
2026-02-03 16:00:00+00:00,78094.199999999997,78101.5,72889.199999999997,74893.800000000003,138235.63099999999,66497.149000000005,True
2026-02-03 20:00:00+00:00,74893.899999999994,76920.699999999997,74541,75732.399999999994,50122.749000000003,25980.762999999999,True
2026-02-04 00:00:00+00:00,75732.399999999994,76952.5,75420,76661.100000000006,25230.293000000001,12247.807000000001,True
2026-02-04 04:00:00+00:00,76661.100000000006,76809.399999999994,76072,76478.899999999994,13166.927,6551.3459999999995,True
2026-02-04 08:00:00+00:00,76478.899999999994,76568,75629.899999999994,75987.600000000006,23832.369999999999,11156.826999999999,True
2026-02-04 12:00:00+00:00,75987.600000000006,76245.5,73756,74107,78049.845000000001,38105.868000000002,True
2026-02-04 16:00:00+00:00,74107,74211.800000000003,72101,73895.300000000003,110739.361,56159.016000000003,True
2026-02-04 20:00:00+00:00,73895.199999999997,74141.100000000006,71838,73137.399999999994,42105.843000000001,20376.124,True
2026-02-05 00:00:00+00:00,73137.5,73316.300000000003,71111,71198.899999999994,61677.796000000002,28440.909,True
2026-02-05 04:00:00+00:00,71199,71600,70085.300000000003,70716.100000000006,70629.245999999999,32848.559000000001,True
2026-02-05 08:00:00+00:00,70716.100000000006,71944.399999999994,69862,70279,55156.137000000002,25763.914000000001,True
2026-02-05 12:00:00+00:00,70279.100000000006,70848.600000000006,66666,67451.899999999994,168792.67499999999,82514.551999999996,True
2026-02-05 16:00:00+00:00,67452,68667.399999999994,65160,65237.400000000001,138785.242,66984.134000000005,True
2026-02-05 20:00:00+00:00,65237.5,65678.100000000006,62233.300000000003,62868.099999999999,175048.64499999999,85557.195999999996,True
2026-02-06 00:00:00+00:00,62868.099999999999,65969.5,59800,64138.099999999999,176970.30799999999,86286.107999999993,True
2026-02-06 04:00:00+00:00,64138.099999999999,66783,63924.699999999997,64811.199999999997,70097.967999999993,35436.355000000003,True
2026-02-06 08:00:00+00:00,64811.199999999997,66773.399999999994,64438.900000000001,66586.100000000006,54110.748,27149.603999999999,True
2026-02-06 12:00:00+00:00,66586.100000000006,69157.899999999994,66072,68577.5,105687.05100000001,55108.974999999999,True
2026-02-06 16:00:00+00:00,68577.5,71451.600000000006,68348,70675.5,107975.296,56525.372000000003,True
2026-02-06 20:00:00+00:00,70675.5,71714.399999999994,69764.699999999997,70544.5,44341.398000000001,22967.557000000001,True
2026-02-07 00:00:00+00:00,70544.5,70899.5,69674.5,70887.100000000006,31855.755000000001,15930.958000000001,True
2026-02-07 04:00:00+00:00,70887.199999999997,71690,67250,68050.5,88703.149999999994,40102.586000000003,True
2026-02-07 08:00:00+00:00,68050.5,68797.800000000003,67550.199999999997,67935.100000000006,39834.144999999997,21573.125,True
2026-02-07 12:00:00+00:00,67935,70000,67870.199999999997,69122.100000000006,59726.379000000001,31010.191999999999,True
2026-02-07 16:00:00+00:00,69122.100000000006,69887.699999999997,68478.100000000006,69341.399999999994,34087.254999999997,17161.535,True
2026-02-07 20:00:00+00:00,69341.300000000003,69688.199999999997,68734.600000000006,69254.199999999997,12456.967000000001,6007.1440000000002,True
2026-02-08 00:00:00+00:00,69254.300000000003,69666,68843.699999999997,69064.699999999997,14911.652,7477.8249999999998,True
2026-02-08 04:00:00+00:00,69064.699999999997,69693,68928,69665,12103.434999999999,6566.8149999999996,True
2026-02-08 08:00:00+00:00,69665.100000000006,71199.899999999994,69467.899999999994,70954,43821.847999999998,23539.107,True
2026-02-08 12:00:00+00:00,70954,71524.899999999994,70653,71152.600000000006,28255.243999999999,14384.848,True
2026-02-08 16:00:00+00:00,71152.5,71480,70220.100000000006,71381,23445.871999999999,11552.025,True
2026-02-08 20:00:00+00:00,71381,72300,69913.300000000003,70288.100000000006,40215.536,20560.567999999999,True
2026-02-09 00:00:00+00:00,70288.199999999997,71434.899999999994,70013.300000000003,71269.899999999994,28075.138999999999,15092.027,True
2026-02-09 04:00:00+00:00,71269.800000000003,71320,70251.100000000006,70393.5,19162.987000000001,10092.716,True
2026-02-09 08:00:00+00:00,70393.5,70583.300000000003,68373.899999999994,68899.899999999994,49010.982000000004,22606.959999999999,True
2026-02-09 12:00:00+00:00,68900,69843.699999999997,68271.699999999997,69528.899999999994,56527.819000000003,28858.777999999998,True
2026-02-09 16:00:00+00:00,69528.899999999994,71041,69050,70912.699999999997,46984.623,24287.441999999999,True
2026-02-09 20:00:00+00:00,70912.600000000006,71085,69776.100000000006,70110.5,22681.277999999998,10561.002,True
2026-02-10 00:00:00+00:00,70110.600000000006,70499.899999999994,69155.800000000003,69473.300000000003,22533.107,10740.368,True
2026-02-10 04:00:00+00:00,69473.199999999997,69886.100000000006,68633.300000000003,68882.100000000006,26911.353999999999,12545.781999999999,True
2026-02-10 08:00:00+00:00,68882.199999999997,69376.300000000003,68406.399999999994,68489.899999999994,24790.436000000002,12285.231,True
2026-02-10 12:00:00+00:00,68489.899999999994,69554.699999999997,67883,69251.5,61160.036,30614.75,True
2026-02-10 16:00:00+00:00,69251.399999999994,69957.899999999994,68555.600000000006,69031.399999999994,34739.184999999998,17534.610000000001,True
2026-02-10 20:00:00+00:00,69031.300000000003,69116.899999999994,68322.100000000006,68805.300000000003,13738.491,6788.7790000000005,True
2026-02-11 00:00:00+00:00,68805.300000000003,69262.699999999997,67951.800000000003,68143.600000000006,19145.197,8918.3040000000001,True
2026-02-11 04:00:00+00:00,68143.600000000006,68288,66511,67000,43120.559999999998,20293.401000000002,True
2026-02-11 08:00:00+00:00,67000,67094.399999999994,66342.600000000006,67023,25236.662,12489.049999999999,True
2026-02-11 12:00:00+00:00,67022.899999999994,68821.100000000006,65718.5,66489.300000000003,94588.830000000002,48546.637999999999,True
2026-02-11 16:00:00+00:00,66489.399999999994,67831.399999999994,65834.5,67547.699999999997,47502.510999999999,23683.085999999999,True
2026-02-11 20:00:00+00:00,67547.600000000006,68315,66757.399999999994,67054.399999999994,27031.763999999999,13333.204,True
2026-02-12 00:00:00+00:00,67054.800000000003,68021,67016.600000000006,67550.199999999997,19130.074000000001,9588.1949999999997,True
2026-02-12 04:00:00+00:00,67550.300000000003,67659.600000000006,66640,67181.5,17969.216,8584.9030000000002,True
2026-02-12 08:00:00+00:00,67181.5,68265.5,66860,68031.800000000003,23709.827000000001,11898.638000000001,True
2026-02-12 12:00:00+00:00,68031.800000000003,68385,66958,67107,45122.557999999997,22353.844000000001,True
2026-02-12 16:00:00+00:00,67107,67221.899999999994,65081,65760.699999999997,70971.691999999995,33764.055999999997,True
2026-02-12 20:00:00+00:00,65760.699999999997,66460.800000000003,65177.800000000003,66243.100000000006,23089.892,11434.15,True
2026-02-13 00:00:00+00:00,66243.199999999997,66778.5,65833.899999999994,66519.600000000006,18050.465,8949.2929999999997,True
2026-02-13 04:00:00+00:00,66519.600000000006,66650.199999999997,65964.199999999997,66183.300000000003,15780.838,7866.8530000000001,True
2026-02-13 08:00:00+00:00,66183.300000000003,67196.800000000003,66159.899999999994,67137.800000000003,22860.437999999998,11660.906999999999,True
2026-02-13 12:00:00+00:00,67137.800000000003,69289.5,66823.600000000006,68652,71464.149999999994,37387.642,True
2026-02-13 16:00:00+00:00,68652.100000000006,69473.699999999997,68500,68904.199999999997,38164.258999999998,18629.649000000001,True
2026-02-13 20:00:00+00:00,68904.300000000003,69055.899999999994,68639.699999999997,68821.5,16723.138999999999,8340.6080000000002,True
2026-02-14 00:00:00+00:00,68821.5,69118.100000000006,68736.199999999997,68947.699999999997,9642.6970000000001,5183.9409999999998,True
2026-02-14 04:00:00+00:00,68947.699999999997,69318.199999999997,68689.100000000006,69182.199999999997,9127.3850000000002,4969.232,True
2026-02-14 08:00:00+00:00,69182.100000000006,70557.699999999997,69174.5,70464.800000000003,27428.772000000001,15845.373,True
2026-02-14 12:00:00+00:00,70464.800000000003,70499.399999999994,69163.699999999997,69754.199999999997,36370.366999999998,15595.567999999999,True
2026-02-14 16:00:00+00:00,69754.199999999997,69903.300000000003,69259.100000000006,69849,15953.444,8746.8899999999994,True
2026-02-14 20:00:00+00:00,69848.899999999994,70230.600000000006,69600,69795.399999999994,16011.581,8790.4490000000005,True
2026-02-15 00:00:00+00:00,69795.399999999994,69967.399999999994,69212.199999999997,69926,18571.897000000001,10164.992,True
2026-02-15 04:00:00+00:00,69925.899999999994,70907.699999999997,69925.899999999994,70784,26247.371999999999,14259.891,True
2026-02-15 08:00:00+00:00,70784,70938.5,70114.800000000003,70268.699999999997,18316.803,8385.0190000000002,True
2026-02-15 12:00:00+00:00,70268.600000000006,70391,68741.399999999994,69068.100000000006,41787.048999999999,20273.661,True
2026-02-15 16:00:00+00:00,69068.100000000006,69074,68029.600000000006,68263.600000000006,30584.219000000001,14092.538,True
2026-02-15 20:00:00+00:00,68263.699999999997,69049.199999999997,68100.199999999997,68796.899999999994,15742.790000000001,8244.5339999999997,True
2026-02-16 00:00:00+00:00,68796.899999999994,69033.600000000006,68112.199999999997,68392.600000000006,13437.439,6471.2110000000002,True
2026-02-16 04:00:00+00:00,68392.600000000006,68869.800000000003,68183.300000000003,68552.399999999994,12323.489,6489.2700000000004,True
2026-02-16 08:00:00+00:00,68552.5,69029.899999999994,68300,68769.399999999994,15845.782999999999,8160,True
2026-02-16 12:00:00+00:00,68769.399999999994,70110.899999999994,67250,67505.5,69582.444000000003,33596.656999999999,True
2026-02-16 16:00:00+00:00,67505.5,68221.699999999997,67475,67883.600000000006,20666.719000000001,10423.656999999999,True
2026-02-16 20:00:00+00:00,67883.5,68962.100000000006,67788.600000000006,68862.5,17723.874,9471.9580000000005,True
2026-02-17 00:00:00+00:00,68862.600000000006,69228.600000000006,68350,68443.600000000006,16477.877,7946.8760000000002,True
2026-02-17 04:00:00+00:00,68443.600000000006,68681.800000000003,67854.199999999997,68353.399999999994,15435.494000000001,7356.7190000000001,True
2026-02-17 08:00:00+00:00,68353.399999999994,68445.800000000003,67655,67824.399999999994,15199.471,7324.5429999999997,True
2026-02-17 12:00:00+00:00,67824.300000000003,68350,66588,67363.600000000006,51182.908000000003,24935.493999999999,True
2026-02-17 16:00:00+00:00,67363.600000000006,68220.100000000006,66824.5,67766.899999999994,40921.099999999999,20039.089,True
2026-02-17 20:00:00+00:00,67766.899999999994,67897.600000000006,67355.699999999997,67475.899999999994,9968.2720000000008,4885.9530000000004,True
2026-02-18 00:00:00+00:00,67475.899999999994,67683.399999999994,66850.100000000006,67590.199999999997,13859.457,6858.1419999999998,True
2026-02-18 04:00:00+00:00,67590.300000000003,68190.199999999997,67456.600000000006,68078.399999999994,13751.365,7435.4359999999997,True
2026-02-18 08:00:00+00:00,68078.5,68438,67037.199999999997,67345.399999999994,27303.080999999998,13523.075999999999,True
2026-02-18 12:00:00+00:00,67345.399999999994,68336,66666.199999999997,67671,43142.828999999998,21553.153999999999,True
2026-02-18 16:00:00+00:00,67671.100000000006,67684.600000000006,65826.100000000006,66138.199999999997,48354.052000000003,22692.205999999998,True
2026-02-18 20:00:00+00:00,66138.300000000003,66528.800000000003,65993.100000000006,66422.800000000003,17562.607,8921.8709999999992,True
2026-02-19 00:00:00+00:00,66422.800000000003,66975,66301.800000000003,66950.399999999994,11949.431,6384.6319999999996,True
2026-02-19 04:00:00+00:00,66950.399999999994,67299.399999999994,66651.800000000003,67180.399999999994,12987.831,6662.3909999999996,True
2026-02-19 08:00:00+00:00,67180.399999999994,67180.399999999994,66431.100000000006,66468.899999999994,17634.609,7766.4679999999998,True
2026-02-19 12:00:00+00:00,66468.800000000003,66723,65595.699999999997,66362.699999999997,53345.665000000001,25197.212,True
2026-02-19 16:00:00+00:00,66362.600000000006,67174,65863.800000000003,67022.899999999994,39321.697999999997,20795.700000000001,True
2026-02-19 20:00:00+00:00,67022.800000000003,67147.800000000003,66618.199999999997,66974,12193.367,6260.777,True
2026-02-20 00:00:00+00:00,66973.899999999994,67490,66912.399999999994,67327.199999999997,16163.093000000001,8480.2849999999999,True
2026-02-20 04:00:00+00:00,67327.199999999997,67999.899999999994,67079.300000000003,67794.699999999997,23131.392,11890.299000000001,True
2026-02-20 08:00:00+00:00,67794.800000000003,68283.699999999997,67250,67290.5,27634.024000000001,12891.377,True
2026-02-20 12:00:00+00:00,67290.399999999994,68099.899999999994,66408.100000000006,67547.600000000006,89010.872000000003,44251.694000000003,True
2026-02-20 16:00:00+00:00,67547.600000000006,67998.899999999994,66915,67616.5,53992.044999999998,28099.174999999999,True
2026-02-20 20:00:00+00:00,67616.5,68220,67486.600000000006,67979.300000000003,15372.545,8201.5920000000006,True
2026-02-21 00:00:00+00:00,67979.300000000003,68079,67488.899999999994,67637,13484.385,6030.0699999999997,True
2026-02-21 04:00:00+00:00,67636.899999999994,67899,67555.199999999997,67821,6835.0559999999996,3338.8000000000002,True
2026-02-21 08:00:00+00:00,67821,68280,67776.199999999997,68060.899999999994,16424.915000000001,8810.9580000000005,True
2026-02-21 12:00:00+00:00,68061,68687,67882.800000000003,68571.5,21938.832999999999,12507.753000000001,True
2026-02-21 16:00:00+00:00,68571.5,68632.5,68066,68516.300000000003,16510.562999999998,8424.7389999999996,True
2026-02-21 20:00:00+00:00,68516.300000000003,68568.100000000006,67860,67933.100000000006,12301.741,6032.3680000000004,True
2026-02-22 00:00:00+00:00,67933.199999999997,68198.5,67763.699999999997,68010.5,12501.071,5982.9300000000003,True
2026-02-22 04:00:00+00:00,68010.5,68204.300000000003,67850.399999999994,67973,8942.5859999999993,4296.8239999999996,True
2026-02-22 08:00:00+00:00,67973,68220,67877,68183.399999999994,9086,4669.4189999999999,True
2026-02-22 12:00:00+00:00,68183.399999999994,68205.100000000006,67275,67659.899999999994,31174.344000000001,15511.892,True
2026-02-22 16:00:00+00:00,67660,67712,67150,67402.199999999997,12981.135,6583.8249999999998,True
2026-02-22 20:00:00+00:00,67402.100000000006,67728,67324.100000000006,67613.5,9658.2860000000001,5503.9709999999995,True
2026-02-23 00:00:00+00:00,67613.600000000006,67655.800000000003,64232.800000000003,64894,89086.873000000007,41957.192000000003,True
2026-02-23 04:00:00+00:00,64894.099999999999,65980,64628.5,65915.800000000003,31480.866000000002,15941.322,True
2026-02-23 08:00:00+00:00,65915.699999999997,66574.5,65534.599999999999,66170.800000000003,30726.787,15206.236000000001,True
2026-02-23 12:00:00+00:00,66170.800000000003,66490,65500,65633.100000000006,44068.050999999999,22700.418000000001,True
2026-02-23 16:00:00+00:00,65633.100000000006,65701.199999999997,64050,64273.900000000001,57061.836000000003,28415.656999999999,True
2026-02-23 20:00:00+00:00,64273.900000000001,64989,63860,64625.800000000003,24726.883000000002,12707.655000000001,True
2026-02-24 00:00:00+00:00,64625.800000000003,64980,63303.900000000001,63570.5,44780.754999999997,20806.362000000001,True
2026-02-24 04:00:00+00:00,63570.5,63606.300000000003,62655,63155.300000000003,43162.099000000002,19934.361000000001,True
2026-02-24 08:00:00+00:00,63155.400000000001,63432.400000000001,62900,63192.199999999997,17864.349999999999,8783.9159999999993,True
2026-02-24 12:00:00+00:00,63192.099999999999,63993.099999999999,62401.699999999997,63933.400000000001,55745.735999999997,28275.171999999999,True
2026-02-24 16:00:00+00:00,63933.400000000001,64719.099999999999,63664.800000000003,64405.400000000001,44265.127999999997,23033.934000000001,True
2026-02-24 20:00:00+00:00,64405.400000000001,64566.5,63769.199999999997,64031.300000000003,17332.501,8417.6929999999993,True
2026-02-25 00:00:00+00:00,64031.400000000001,66283.100000000006,63876,65361.699999999997,56855.084999999999,29955.976999999999,True
2026-02-25 04:00:00+00:00,65361.699999999997,65627.5,64720.400000000001,65001.099999999999,26612.512999999999,13572.264999999999,True
2026-02-25 08:00:00+00:00,65001.199999999997,65674.100000000006,64929.699999999997,65396.699999999997,19061.580999999998,9746.2880000000005,True
2026-02-25 12:00:00+00:00,65396.599999999999,67548,65280.099999999999,67362.300000000003,69345.322,38324.385999999999,True
2026-02-25 16:00:00+00:00,67362.399999999994,69531.300000000003,67354.199999999997,69005.199999999997,77165.838000000003,40980.862999999998,True
2026-02-25 20:00:00+00:00,69005.199999999997,69999,67557,67952.5,50198.478999999999,24827.695,True
2026-02-26 00:00:00+00:00,67952.5,68666,67690.100000000006,68187.5,24179.245999999999,12270.379000000001,True
2026-02-26 04:00:00+00:00,68187.399999999994,68850,67780,67800,20005.172999999999,9633.2839999999997,True
2026-02-26 08:00:00+00:00,67800,68689.699999999997,67750,68025.199999999997,23034.014999999999,11898.772000000001,True
2026-02-26 12:00:00+00:00,68025.199999999997,68270.899999999994,66730.699999999997,67353.399999999994,50416.383999999998,23598.866999999998,True
2026-02-26 16:00:00+00:00,67353.300000000003,67888,66462,67550.699999999997,47321.724999999999,24283.478999999999,True
2026-02-26 20:00:00+00:00,67550.699999999997,67790.100000000006,67114,67448.199999999997,12880.512000000001,6091.7879999999996,True
2026-02-27 00:00:00+00:00,67448.100000000006,67670,66841.600000000006,67557.399999999994,22307.866000000002,10759.073,True
2026-02-27 04:00:00+00:00,67557.399999999994,68188.800000000003,67417.399999999994,67644.100000000006,22791.161,11060.499,True
2026-02-27 08:00:00+00:00,67644.100000000006,68127.800000000003,65923,66094.100000000006,50214.112999999998,23351.901999999998,True
2026-02-27 12:00:00+00:00,66094,66320,65626.100000000006,66072.600000000006,53927.286,28164.005000000001,True
2026-02-27 16:00:00+00:00,66072.5,66095.199999999997,65080,65365.400000000001,37731.794000000002,18408.057000000001,True
2026-02-27 20:00:00+00:00,65365.400000000001,65921.699999999997,64875.599999999999,65836,18985.144,9760.5409999999993,True
2026-02-28 00:00:00+00:00,65836,65994.699999999997,65681.899999999994,65763.800000000003,10665.044,4854.7280000000001,True
2026-02-28 04:00:00+00:00,65763.800000000003,65786.800000000003,62979.5,63788.400000000001,77198.277000000002,34473.463000000003,True
2026-02-28 08:00:00+00:00,63787.400000000001,64267.900000000001,63313.900000000001,63810.400000000001,35913.713000000003,17989.155999999999,True
2026-02-28 12:00:00+00:00,63810.400000000001,65335.800000000003,63782.199999999997,64800,55609.038999999997,29586.188999999998,True
2026-02-28 16:00:00+00:00,64800.099999999999,66642.800000000003,64635,66318.100000000006,39161.254000000001,21009.816999999999,True
2026-02-28 20:00:00+00:00,66318.100000000006,67735,66150,66937.100000000006,39375.459000000003,20598.912,True
2026-03-01 00:00:00+00:00,66937,68189,65812,67474.699999999997,56559.864000000001,28173.561000000002,True
2026-03-01 04:00:00+00:00,67474.800000000003,67582.199999999997,66757.199999999997,67113.899999999994,24461.609,11431.896000000001,True
2026-03-01 08:00:00+00:00,67114,67275.5,66160.399999999994,66439,25330.042000000001,12578.153,True
2026-03-01 12:00:00+00:00,66439,67333,66100,66810.800000000003,31465.641,16131.116,True
2026-03-01 16:00:00+00:00,66810.800000000003,67083,65681.300000000003,65926,39092.281999999999,17972.703000000001,True
2026-03-01 20:00:00+00:00,65925.899999999994,66888,65011,65750,42201.998,22727.256000000001,True
2026-03-02 00:00:00+00:00,65749.899999999994,67082.5,65726,66787.300000000003,30045.733,15476.004999999999,True
2026-03-02 04:00:00+00:00,66787.300000000003,66966,65509,65981.300000000003,23909.560000000001,11335.522999999999,True
2026-03-02 08:00:00+00:00,65981.199999999997,66707.5,65612.399999999994,66329.899999999994,25846.473999999998,13060.484,True
2026-03-02 12:00:00+00:00,66329.800000000003,69588,65234.400000000001,69089.100000000006,100518.31,52449.934000000001,True
2026-03-02 16:00:00+00:00,69089.100000000006,70100,68519.800000000003,68928.399999999994,69288.610000000001,35478.909,True
2026-03-02 20:00:00+00:00,68928.399999999994,69500,68529.5,68801.800000000003,27769.345000000001,14400.352000000001,True
2026-03-03 00:00:00+00:00,68801.800000000003,69221.600000000006,68142.100000000006,68349.300000000003,24654.008000000002,12561.138999999999,True
2026-03-03 04:00:00+00:00,68349.399999999994,68561.899999999994,67759.600000000006,68138.300000000003,25184.326000000001,12914.719999999999,True
2026-03-03 08:00:00+00:00,68138.199999999997,68281.600000000006,66270.699999999997,67000,57583.252,28653.596000000001,True
2026-03-03 12:00:00+00:00,67000,68000,66080,67692.5,67933.027000000002,33424.902000000002,True
2026-03-03 16:00:00+00:00,67692.5,68972.899999999994,67440,68395.899999999994,61502.222999999998,31871.127,True
2026-03-03 20:00:00+00:00,68395.899999999994,68821.5,67778.399999999994,68295.300000000003,20613.063999999998,10257.755999999999,True
2026-03-04 00:00:00+00:00,68295.199999999997,68887.899999999994,67350,67700.100000000006,33692.828000000001,16605.127,True
2026-03-04 04:00:00+00:00,67700.100000000006,69676.399999999994,67421.899999999994,69464.5,39330.794999999998,22491.619999999999,True
2026-03-04 08:00:00+00:00,69464.5,71887.899999999994,69100.199999999997,71082.399999999994,94611.131999999998,50191.156999999999,True
2026-03-04 12:00:00+00:00,71082.300000000003,73436.399999999994,70559.699999999997,73339.699999999997,92618.5,51133.411999999997,True
2026-03-04 16:00:00+00:00,73339.699999999997,74046.5,72467.199999999997,73580.199999999997,67026.008000000002,34876.309999999998,True
2026-03-04 20:00:00+00:00,73580.300000000003,73678.199999999997,72273,72641.399999999994,29864.233,14990.111999999999,True
2026-03-05 00:00:00+00:00,72641.399999999994,73295.699999999997,72300,72469.600000000006,23591.685000000001,11987.791999999999,True
2026-03-05 04:00:00+00:00,72469.5,73060,71740,72025.5,32629.087,15294.761,True
2026-03-05 08:00:00+00:00,72025.399999999994,73539.100000000006,71716.300000000003,72879.899999999994,38402.512000000002,19665.873,True
2026-03-05 12:00:00+00:00,72880,73032,71136.199999999997,71611.699999999997,62191.887000000002,31307.485000000001,True
2026-03-05 16:00:00+00:00,71611.699999999997,71620.600000000006,70612.800000000003,70875.5,50962.285000000003,24712.212,True
2026-03-05 20:00:00+00:00,70875.5,71530.399999999994,70737.899999999994,70854.800000000003,18390.824000000001,9227.0079999999998,True
2026-03-06 00:00:00+00:00,70854.800000000003,71387.5,70339.600000000006,71045.399999999994,23279.919999999998,11656.322,True
2026-03-06 04:00:00+00:00,71045.399999999994,71168,70100,71026.699999999997,29611.984,14688.174999999999,True
2026-03-06 08:00:00+00:00,71026.699999999997,71035.300000000003,70164.899999999994,70185.600000000006,25068.966,11807.831,True
2026-03-06 12:00:00+00:00,70185.600000000006,70328.5,68121.600000000006,68468.399999999994,84732.611999999994,39883.294000000002,True
2026-03-06 16:00:00+00:00,68468.300000000003,68759.5,67712.300000000003,68101,34900.466999999997,16783.170999999998,True
2026-03-06 20:00:00+00:00,68100.899999999994,68406.600000000006,67731,68083,15788.754000000001,8051.259,True
2026-03-07 00:00:00+00:00,68083,68524.899999999994,68018.699999999997,68063.199999999997,14174.659,7230.2979999999998,True
2026-03-07 04:00:00+00:00,68063.300000000003,68130.699999999997,67411,67809.399999999994,20253.760999999999,9576.9279999999999,True
2026-03-07 08:00:00+00:00,67809.5,68215.600000000006,67675,67975.899999999994,13839.088,7077.5510000000004,True
2026-03-07 12:00:00+00:00,67976,68061.100000000006,67568.399999999994,67844.800000000003,13378.413,6517.5569999999998,True
2026-03-07 16:00:00+00:00,67844.800000000003,67913.600000000006,66850.100000000006,67042.600000000006,19525.490000000002,8360.3549999999996,True
2026-03-07 20:00:00+00:00,67042.600000000006,67445.899999999994,67028,67232.100000000006,13398.751,7092.3779999999997,True
2026-03-08 00:00:00+00:00,67232.100000000006,67459,66720.800000000003,66974.899999999994,16885.388999999999,8308.5210000000006,True
2026-03-08 04:00:00+00:00,66974.899999999994,67430,66508,67277.199999999997,18554.059000000001,9686.2630000000008,True
2026-03-08 08:00:00+00:00,67277.100000000006,68171.600000000006,67121.100000000006,67490,27801.877,15422.225,True
2026-03-08 12:00:00+00:00,67490.100000000006,67623,66730,67174.699999999997,27339.603999999999,13221.040999999999,True
2026-03-08 16:00:00+00:00,67174.600000000006,67459.199999999997,66707,67299,18854.835999999999,9547.0280000000002,True
2026-03-08 20:00:00+00:00,67299,67496.399999999994,65569.199999999997,65934.300000000003,46312.207999999999,20642.767,True
2026-03-09 00:00:00+00:00,65934.300000000003,67646,65770.5,67165.300000000003,41435.983,21736.223000000002,True
2026-03-09 04:00:00+00:00,67165.300000000003,68038.399999999994,66833.899999999994,67504.800000000003,42658.686000000002,21530.547999999999,True
2026-03-09 08:00:00+00:00,67504.899999999994,68441.5,67301,67723.300000000003,33413.817000000003,17384.317999999999,True
2026-03-09 12:00:00+00:00,67723.300000000003,69449.100000000006,67714.199999999997,68832.300000000003,64501.076000000001,32734.825000000001,True
2026-03-09 16:00:00+00:00,68832.399999999994,69498,68200.100000000006,68951.800000000003,39934.468000000001,20896.269,True
2026-03-09 20:00:00+00:00,68951.800000000003,69100.199999999997,68333,68394.100000000006,15267.517,7691.2039999999997,True
2026-03-10 00:00:00+00:00,68394,70555,68345,69391,51529.442000000003,26577.942999999999,True
2026-03-10 04:00:00+00:00,69391,70500,69391,70374.699999999997,28318.563999999998,15261.243,True
2026-03-10 08:00:00+00:00,70374.699999999997,71272.399999999994,70332.199999999997,70570.100000000006,38904.133000000002,20438.955999999998,True
2026-03-10 12:00:00+00:00,70570.100000000006,71748.100000000006,69184.800000000003,71296.899999999994,79824.040999999997,40167.705999999998,True
2026-03-10 16:00:00+00:00,71296.899999999994,71665.800000000003,69688,70005.199999999997,43473.678999999996,21543.832999999999,True
2026-03-10 20:00:00+00:00,70005.100000000006,70375.399999999994,69388,69901.899999999994,23624.625,11891.757,True
2026-03-11 00:00:00+00:00,69901.800000000003,70139.600000000006,69455.600000000006,69517,19934.411,9544.0640000000003,True
2026-03-11 04:00:00+00:00,69517,70249.100000000006,69329.699999999997,69622.100000000006,22428.744999999999,11847.763999999999,True
2026-03-11 08:00:00+00:00,69622.199999999997,69750,69098,69144,19591.571,9256.9140000000007,True
2026-03-11 12:00:00+00:00,69144,71060.699999999997,68932.899999999994,70186.899999999994,81262.520000000004,41893.303999999996,True
2026-03-11 16:00:00+00:00,70187,71286,70093.199999999997,70600.800000000003,37304.834000000003,19334.099999999999,True
2026-03-11 20:00:00+00:00,70600.699999999997,70931.899999999994,70078.600000000006,70150,15105.875,7976.8410000000003,True
2026-03-12 00:00:00+00:00,70150,70314.100000000006,69180,69402.600000000006,24677.581999999999,12657.244000000001,True
2026-03-12 04:00:00+00:00,69402.600000000006,69818.800000000003,69150,69782.600000000006,17621.830000000002,9346.6820000000007,True
2026-03-12 08:00:00+00:00,69782.699999999997,70756.5,69540.899999999994,70388.5,35040.695,18042.333999999999,True
2026-03-12 12:00:00+00:00,70388.600000000006,70625,69303.800000000003,70282.899999999994,60362.279999999999,28760.276999999998,True
2026-03-12 16:00:00+00:00,70282.800000000003,70530,69725,70393.699999999997,33038.945,16538.948,True
2026-03-12 20:00:00+00:00,70393.699999999997,70727.899999999994,69974.699999999997,70480.100000000006,15749.261,8128.2089999999998,True
2026-03-13 00:00:00+00:00,70480.100000000006,71979.199999999997,70342.699999999997,71366.300000000003,49074.595000000001,26163.287,True
2026-03-13 04:00:00+00:00,71366.300000000003,71649.699999999997,71150,71585.300000000003,22770.578000000001,12560.464,True
2026-03-13 08:00:00+00:00,71585.199999999997,72547,71347.100000000006,72189.899999999994,43793.534,23338.109,True
2026-03-13 12:00:00+00:00,72189.800000000003,73870,71700,71800,95514.604000000007,49812.254999999997,True
2026-03-13 16:00:00+00:00,71800.100000000006,72215.100000000006,70811,71148,67789.570999999996,34725.044000000002,True
2026-03-13 20:00:00+00:00,71148.100000000006,71452.100000000006,70510.800000000003,70895.5,21289.239000000001,10263.851000000001,True
2026-03-14 00:00:00+00:00,70895.5,71141.699999999997,70436.199999999997,71034.300000000003,17911.297999999999,9476.2299999999996,True
2026-03-14 04:00:00+00:00,71034.300000000003,71272.300000000003,70256,70565.600000000006,20769.739000000001,9460.1370000000006,True
2026-03-14 08:00:00+00:00,70565.600000000006,70745.100000000006,70350,70705,11804.118,5840.0379999999996,True
2026-03-14 12:00:00+00:00,70705,70914.600000000006,70444.100000000006,70554.600000000006,12725.591,6283.7579999999998,True
2026-03-14 16:00:00+00:00,70554.699999999997,70707.899999999994,70455.600000000006,70664.100000000006,5710.8450000000003,2896.5369999999998,True
2026-03-14 20:00:00+00:00,70664.100000000006,71221.899999999994,70607.699999999997,71174.399999999994,10361.423000000001,5767.2539999999999,True
2026-03-15 00:00:00+00:00,71174.399999999994,71599.899999999994,70815.699999999997,71314.800000000003,17119.669999999998,8568.5939999999991,True
2026-03-15 04:00:00+00:00,71314.800000000003,71750,71277.100000000006,71420.800000000003,16031.421,8160.7539999999999,True
2026-03-15 08:00:00+00:00,71420.800000000003,71897.899999999994,71420.800000000003,71800,14103.141,7698.6750000000002,True
2026-03-15 12:00:00+00:00,71800.100000000006,71800.100000000006,71220.100000000006,71444.399999999994,19469.966,9656.8009999999995,True
2026-03-15 16:00:00+00:00,71444.399999999994,71971.800000000003,71275,71515.199999999997,17115.499,9316.616,True
2026-03-15 20:00:00+00:00,71515.199999999997,73199.899999999994,71396.399999999994,72778.899999999994,42634.544999999998,23527.919999999998,True
2026-03-16 00:00:00+00:00,72778.800000000003,74307.300000000003,72235.600000000006,73539.5,50880.921000000002,27716.592000000001,True
2026-03-16 04:00:00+00:00,73539.5,74444,73345.899999999994,73427.699999999997,55945.156999999999,29690.457999999999,True
2026-03-16 08:00:00+00:00,73427.800000000003,73856.600000000006,72841.899999999994,73515.300000000003,30983.237000000001,16217.522000000001,True
2026-03-16 12:00:00+00:00,73515.300000000003,74481.5,72926.399999999994,73240.199999999997,65250.406000000003,32976.536,True
2026-03-16 16:00:00+00:00,73240.199999999997,74399.899999999994,73122,73928.800000000003,31945.377,17279.903999999999,True
2026-03-16 20:00:00+00:00,73928.800000000003,74880,73819,74846.399999999994,34071.892,18314.110000000001,True
2026-03-17 00:00:00+00:00,74846.399999999994,75998.899999999994,74231.600000000006,74424.899999999994,58475.828000000001,30613.178,True
2026-03-17 04:00:00+00:00,74424.899999999994,74652.199999999997,73723.399999999994,74212.699999999997,34915.027999999998,17065.083999999999,True
2026-03-17 08:00:00+00:00,74212.800000000003,74418.5,73512,73997.100000000006,29483.915000000001,14894.626,True
2026-03-17 12:00:00+00:00,73997.100000000006,74856.199999999997,73330.300000000003,73878.5,51694.124000000003,27050.599999999999,True
2026-03-17 16:00:00+00:00,73878.5,74763.600000000006,73826.800000000003,74460.800000000003,27312.217000000001,14381.665999999999,True
2026-03-17 20:00:00+00:00,74460.800000000003,74777,73829.5,73872.399999999994,16397.861000000001,8052.9120000000003,True
2026-03-18 00:00:00+00:00,73872.300000000003,74633,73492,74414.600000000006,17853.087,9138.8130000000001,True
2026-03-18 04:00:00+00:00,74414.699999999997,74455.699999999997,73636.5,73840,16057.316999999999,7450.4279999999999,True
2026-03-18 08:00:00+00:00,73840.100000000006,74246.199999999997,72731.600000000006,72906.399999999994,34321.745999999999,16293.781999999999,True
2026-03-18 12:00:00+00:00,72906.399999999994,72947.399999999994,70821.199999999997,71436.399999999994,94292.645000000004,44805.307000000001,True
2026-03-18 16:00:00+00:00,71436.300000000003,71980.5,70858.300000000003,71030.300000000003,40790.497000000003,20807.103999999999,True
2026-03-18 20:00:00+00:00,71030.300000000003,71438.100000000006,70456,71202.899999999994,23440.177,11094.741,True
2026-03-19 00:00:00+00:00,71202.899999999994,71598.300000000003,70858.399999999994,71180,16806.299999999999,8841.7360000000008,True
2026-03-19 04:00:00+00:00,71180,71180,69421.100000000006,70145.100000000006,45952.411,19215.705000000002,True
2026-03-19 08:00:00+00:00,70145,70535,69860.300000000003,69926.800000000003,28698.425999999999,13475.037,True
2026-03-19 12:00:00+00:00,69926.800000000003,70144.600000000006,68750,69372.699999999997,72865.933000000005,35905.934999999998,True
2026-03-19 16:00:00+00:00,69372.800000000003,70563.5,69065.399999999994,70233.100000000006,36895.021000000001,19028.597000000002,True
2026-03-19 20:00:00+00:00,70233,70655.199999999997,69677.100000000006,69887.399999999994,17428.085999999999,8388.1550000000007,True
2026-03-20 00:00:00+00:00,69887.399999999994,70777,69801.300000000003,70696.100000000006,18120.172999999999,9896.0900000000001,True
2026-03-20 04:00:00+00:00,70696.100000000006,70944.899999999994,70161,70811.899999999994,21998.628000000001,11568.458000000001,True
2026-03-20 08:00:00+00:00,70812,71342.199999999997,70175,70439.899999999994,35467.864999999998,17410.361000000001,True
2026-03-20 12:00:00+00:00,70440,70647.5,69450,69829.5,61685.771999999997,31446.988000000001,True
2026-03-20 16:00:00+00:00,69829.5,70161,69350,70141.899999999994,28032.495999999999,14475.254000000001,True
2026-03-20 20:00:00+00:00,70141.899999999994,70888,69701.300000000003,70472.699999999997,20936.582999999999,10861.275,True
2026-03-21 00:00:00+00:00,70472.600000000006,70803.100000000006,70403.199999999997,70638,8766.8700000000008,4258.4549999999999,True
2026-03-21 04:00:00+00:00,70637.899999999994,70849.199999999997,70582.699999999997,70687.300000000003,8316.3999999999996,4141.4030000000002,True
2026-03-21 08:00:00+00:00,70687.399999999994,70721.699999999997,70455.600000000006,70618.300000000003,8839.5460000000003,4044.3629999999998,True
2026-03-21 12:00:00+00:00,70618.199999999997,71077.699999999997,70420,70599.100000000006,14845.433000000001,7633.1790000000001,True
2026-03-21 16:00:00+00:00,70599.100000000006,70620.199999999997,70163,70365.899999999994,10277.605,5300.9390000000003,True
2026-03-21 20:00:00+00:00,70365.800000000003,70482.199999999997,68511.300000000003,68881.5,23039.031999999999,9321.9619999999995,True
2026-03-22 00:00:00+00:00,68881.5,69555.800000000003,68189,69307,35724.347999999998,18450.975999999999,True
2026-03-22 04:00:00+00:00,69307.100000000006,69493.199999999997,68846.399999999994,68884.5,13159.053,6048,True
2026-03-22 08:00:00+00:00,68884.5,68950,68030,68177,22401.830999999998,10074.947,True
2026-03-22 12:00:00+00:00,68177,69000,68153.100000000006,68814.899999999994,20510.702000000001,10836.614,True
2026-03-22 16:00:00+00:00,68814.899999999994,68852.300000000003,68108,68170.600000000006,11335.985000000001,5238.6570000000002,True
2026-03-22 20:00:00+00:00,68170.600000000006,68470.600000000006,67300,67830.600000000006,31748.645,15460.084999999999,True
2026-03-23 00:00:00+00:00,67830.699999999997,68555.5,67400.100000000006,68045.100000000006,25498.732,13057.415999999999,True
2026-03-23 04:00:00+00:00,68045.199999999997,68872.399999999994,67456.699999999997,68306,38017.807999999997,19174.491000000002,True
2026-03-23 08:00:00+00:00,68305.899999999994,71468,67880,70097.300000000003,98820.429000000004,50314.938999999998,True
2026-03-23 12:00:00+00:00,70097.199999999997,71789.800000000003,69644,70112.199999999997,82230.707999999999,41977.514999999999,True
2026-03-23 16:00:00+00:00,70112.199999999997,71232,70100.5,70647.100000000006,33568,18008.858,True
2026-03-23 20:00:00+00:00,70647.100000000006,70976.300000000003,70370,70865.899999999994,12964.001,6874.2190000000001,True
2026-03-24 00:00:00+00:00,70866,71080,70232,70512.100000000006,16904.603999999999,8503.1190000000006,True
2026-03-24 04:00:00+00:00,70512.100000000006,71377.5,70075.5,71255.199999999997,25264.519,13162.447,True
2026-03-24 08:00:00+00:00,71255.199999999997,71339.800000000003,70812.699999999997,71116.399999999994,20900.666000000001,10461.496999999999,True
2026-03-24 12:00:00+00:00,71116.399999999994,71144,69467.800000000003,69837.699999999997,60563.264000000003,29480.217000000001,True
2026-03-24 16:00:00+00:00,69837.600000000006,69979,68884.5,69342.600000000006,40454.955999999998,19595.796999999999,True
2026-03-24 20:00:00+00:00,69342.600000000006,70800,69257.899999999994,70523.899999999994,32103.940999999999,16866.460999999999,True
2026-03-25 00:00:00+00:00,70524,71028,70375,70689.300000000003,20167.741000000002,10215.800999999999,True
2026-03-25 04:00:00+00:00,70689.199999999997,71319.899999999994,70659.899999999994,70900,20176.190999999999,9847.1209999999992,True
2026-03-25 08:00:00+00:00,70899.899999999994,71999.899999999994,70752.5,71650.300000000003,31609.884999999998,17441.387999999999,True
2026-03-25 12:00:00+00:00,71650.300000000003,71933.300000000003,70531.399999999994,70792.399999999994,50063.906999999999,24791.402999999998,True
2026-03-25 16:00:00+00:00,70792.399999999994,71742.199999999997,70623.399999999994,70853.199999999997,30523.044000000002,16001.091,True
2026-03-25 20:00:00+00:00,70853.300000000003,71606,70603,71297.5,13975.081,7269.6790000000001,True
2026-03-26 00:00:00+00:00,71297.5,71408.100000000006,70640,70881.899999999994,15369.374,7106.6199999999999,True
2026-03-26 04:00:00+00:00,70882,70882,69722.600000000006,70053.800000000003,28170.739000000001,13060.052,True
2026-03-26 08:00:00+00:00,70053.800000000003,70131.5,69127.199999999997,69239.300000000003,31299.448,14230.404,True
2026-03-26 12:00:00+00:00,69239.300000000003,69872.199999999997,68553.399999999994,69054.800000000003,49114.5,24597.848999999998,True
2026-03-26 16:00:00+00:00,69054.899999999994,69138.800000000003,68115.800000000003,68502.699999999997,32420.866000000002,15399.554,True
2026-03-26 20:00:00+00:00,68502.699999999997,69466.600000000006,68378.5,68788,30098.687000000002,14981.498,True
2026-03-27 00:00:00+00:00,68788.100000000006,69142.699999999997,68458.5,68728.800000000003,15782.447,7890.5500000000002,True
2026-03-27 04:00:00+00:00,68728.800000000003,68925,68257.199999999997,68501.699999999997,22617.561000000002,11270.128000000001,True
2026-03-27 08:00:00+00:00,68501.800000000003,68619.899999999994,66175.399999999994,66663.199999999997,66255.788,28696.453000000001,True
2026-03-27 12:00:00+00:00,66663.300000000003,66742.199999999997,65681.5,66092,59804.127,27673.925999999999,True
2026-03-27 16:00:00+00:00,66091.899999999994,66267.399999999994,65501,66005.399999999994,34760.006000000001,16977.73,True
2026-03-27 20:00:00+00:00,66005.5,66384,65766.100000000006,66364.199999999997,13131.119000000001,6787.9009999999998,True
2026-03-28 00:00:00+00:00,66364.100000000006,66472.399999999994,65888,66191.800000000003,13447.828,6288.2030000000004,True
2026-03-28 04:00:00+00:00,66191.800000000003,66533.899999999994,66068.300000000003,66520.800000000003,9361.1839999999993,4873.4309999999996,True
2026-03-28 08:00:00+00:00,66520.899999999994,66529.399999999994,66087.300000000003,66288.5,10694.727999999999,5107.8040000000001,True
2026-03-28 12:00:00+00:00,66288.399999999994,67284,66191.699999999997,66982.300000000003,31909.105,17562.368999999999,True
2026-03-28 16:00:00+00:00,66982.399999999994,67065,66644,66873,11262.951999999999,5826.0559999999996,True
2026-03-28 20:00:00+00:00,66873,66978,66233.600000000006,66334.800000000003,12697.695,6206.6790000000001,True
2026-03-29 00:00:00+00:00,66334.800000000003,67100,66235.600000000006,66875.699999999997,15037.103999999999,8004.1899999999996,True
2026-03-29 04:00:00+00:00,66875.699999999997,66907.5,66521.399999999994,66632.5,10557.620000000001,4377.1090000000004,True
2026-03-29 08:00:00+00:00,66632.399999999994,66986.800000000003,66375.5,66780.800000000003,11793.427,5863.7179999999998,True
2026-03-29 12:00:00+00:00,66780.800000000003,66849,66288.100000000006,66500,16588.365000000002,7931.1120000000001,True
2026-03-29 16:00:00+00:00,66499.899999999994,66639,66111,66320.199999999997,12137.954,5625.9160000000002,True
2026-03-29 20:00:00+00:00,66320.300000000003,66767.899999999994,64918.199999999997,65977.899999999994,44163.925999999999,20364.165000000001,True
2026-03-30 00:00:00+00:00,65978,67487.699999999997,65754.199999999997,67139.800000000003,43452.226999999999,23226.977999999999,True
2026-03-30 04:00:00+00:00,67140,67777,67129.300000000003,67595.899999999994,24988.603999999999,12691.227000000001,True
2026-03-30 08:00:00+00:00,67595.899999999994,67998,67333.300000000003,67651.5,25240.798999999999,13095.252,True
2026-03-30 12:00:00+00:00,67651.5,68148.399999999994,67055,67590.199999999997,42769.125,21146.184000000001,True
2026-03-30 16:00:00+00:00,67590.199999999997,67614.899999999994,66200.100000000006,66516,34170.069000000003,16881.199000000001,True
2026-03-30 20:00:00+00:00,66515.899999999994,66973.5,66377.100000000006,66764.399999999994,16438.241000000002,8696.2759999999998,True
2026-03-31 00:00:00+00:00,66764.399999999994,68377,66498.899999999994,67670.800000000003,38783.786999999997,20349.631000000001,True
2026-03-31 04:00:00+00:00,67670.800000000003,67865.699999999997,67071.899999999994,67343.800000000003,21775.200000000001,10689.683999999999,True
2026-03-31 08:00:00+00:00,67343.899999999994,67476.899999999994,65938,66652.399999999994,45906.629000000001,21596.124,True
2026-03-31 12:00:00+00:00,66652.399999999994,67765.800000000003,66374.399999999994,66700,60392.205999999998,30531.705000000002,True
2026-03-31 16:00:00+00:00,66700,68600,66695.899999999994,67803,60172.061999999998,33211.173999999999,True
2026-03-31 20:00:00+00:00,67803,68382.899999999994,67794.800000000003,68241.5,16303.200999999999,8237.2729999999992,True
